-- MySQL dump 10.13  Distrib 8.0.45, for Linux (x86_64)
--
-- Host: localhost    Database: waresix_db
-- ------------------------------------------------------
-- Server version	8.0.45-0ubuntu0.22.04.1

/*!40101 SET @OLD_CHARACTER_SET_CLIENT=@@CHARACTER_SET_CLIENT */;
/*!40101 SET @OLD_CHARACTER_SET_RESULTS=@@CHARACTER_SET_RESULTS */;
/*!40101 SET @OLD_COLLATION_CONNECTION=@@COLLATION_CONNECTION */;
/*!50503 SET NAMES utf8mb4 */;
/*!40103 SET @OLD_TIME_ZONE=@@TIME_ZONE */;
/*!40103 SET TIME_ZONE='+00:00' */;
/*!40014 SET @OLD_UNIQUE_CHECKS=@@UNIQUE_CHECKS, UNIQUE_CHECKS=0 */;
/*!40014 SET @OLD_FOREIGN_KEY_CHECKS=@@FOREIGN_KEY_CHECKS, FOREIGN_KEY_CHECKS=0 */;
/*!40101 SET @OLD_SQL_MODE=@@SQL_MODE, SQL_MODE='NO_AUTO_VALUE_ON_ZERO' */;
/*!40111 SET @OLD_SQL_NOTES=@@SQL_NOTES, SQL_NOTES=0 */;

--
-- Table structure for table `item_units`
--

DROP TABLE IF EXISTS `item_units`;
/*!40101 SET @saved_cs_client     = @@character_set_client */;
/*!50503 SET character_set_client = utf8mb4 */;
CREATE TABLE `item_units` (
  `id` int NOT NULL AUTO_INCREMENT,
  `item_id` char(36) NOT NULL,
  `unit_name` varchar(20) NOT NULL,
  `conversion_ratio` decimal(10,4) NOT NULL,
  `operator` enum('*','/') DEFAULT '*',
  PRIMARY KEY (`id`),
  UNIQUE KEY `item_id` (`item_id`,`unit_name`),
  CONSTRAINT `item_units_ibfk_1` FOREIGN KEY (`item_id`) REFERENCES `items` (`id`) ON DELETE CASCADE
) ENGINE=InnoDB AUTO_INCREMENT=19 DEFAULT CHARSET=utf8mb4 COLLATE=utf8mb4_0900_ai_ci;
/*!40101 SET character_set_client = @saved_cs_client */;

--
-- Dumping data for table `item_units`
--

LOCK TABLES `item_units` WRITE;
/*!40000 ALTER TABLE `item_units` DISABLE KEYS */;
INSERT INTO `item_units` VALUES (1,'06f71892-bb6a-488d-89ed-da7e634fe629','DUS',24.0000,'*'),(2,'2e3fa010-51a3-467e-bd46-cb5c6e605750','PAC',30.0000,'*'),(3,'c4002549-b88d-4153-9b7d-808396215249','PAC',30.0000,'*'),(6,'b4d771ac-5c55-4354-9474-66ec58ff3584','DUS',24.0000,'*'),(7,'d53de0eb-ec7b-498e-b647-34d3d63b0c1f','DUS',24.0000,'*'),(8,'f1a5852c-7ef1-4c26-89b4-015abf46c1c4','KLG',24.0000,'*'),(9,'0c82bbd5-3ca2-4e09-a976-0668a83312b5','DUS',12.0000,'*'),(10,'310c04f3-d9f2-4467-a5d3-b549b8901f60','DUS',12.0000,'*'),(11,'6f26ec4a-64c7-4916-8c63-47bd21e90857','PAC',10.0000,'*'),(13,'a1c82d7f-54ed-4d41-9f88-5ae07379000e','DUS',16.0000,'*'),(14,'e73b7e2c-b77f-4ae6-9e15-f6a9c87687a5','DUS',24.0000,'*'),(15,'a524d43c-93b7-481a-9f5b-f83348975f0f','BOX',15.0000,'*'),(16,'7bea32a3-04f4-44e0-9e82-d2d0f17dfc0b','PAC',3.0000,'*'),(17,'116c5453-2821-4c6d-8ee0-d9660e60cfb6','KRG',25.0000,'*'),(18,'8b27f47b-655f-48e9-a0c0-bc899ab56f8e','DUS',60.0000,'*');
/*!40000 ALTER TABLE `item_units` ENABLE KEYS */;
UNLOCK TABLES;

--
-- Table structure for table `items`
--

DROP TABLE IF EXISTS `items`;
/*!40101 SET @saved_cs_client     = @@character_set_client */;
/*!50503 SET character_set_client = utf8mb4 */;
CREATE TABLE `items` (
  `id` char(36) NOT NULL,
  `code` varchar(50) NOT NULL,
  `name` varchar(150) NOT NULL,
  `category` varchar(50) DEFAULT NULL,
  `base_unit` varchar(20) NOT NULL,
  `min_stock` int DEFAULT '0',
  `is_active` tinyint(1) DEFAULT '1',
  `created_at` timestamp NULL DEFAULT CURRENT_TIMESTAMP,
  PRIMARY KEY (`id`),
  UNIQUE KEY `code` (`code`)
) ENGINE=InnoDB DEFAULT CHARSET=utf8mb4 COLLATE=utf8mb4_0900_ai_ci;
/*!40101 SET character_set_client = @saved_cs_client */;

--
-- Dumping data for table `items`
--

LOCK TABLES `items` WRITE;
/*!40000 ALTER TABLE `items` DISABLE KEYS */;
INSERT INTO `items` VALUES ('006b663f-414d-4c13-85ba-23f28f0d5b71','BRW-000642','BAKSO AYAM','AUTO-IMPORT','PRS',0,1,'2026-04-23 08:29:53'),('0107a91e-10c1-4a5f-8f6d-569d73c286bb','BRW-000647','HAKAU','AUTO-IMPORT','PRS',0,1,'2026-04-23 08:29:53'),('01f1b87b-8959-4ae8-9fcf-7fe1d7323dd6','BRW-004909','BOLO BUN','AUTO-IMPORT','PCS',0,1,'2026-04-23 08:29:53'),('06f07a79-9854-4cd2-8739-c8a62318ac89','BRW-000203','PLASTIK PE BENING 50X75 1 IKAT = 6 PACK ( NO BRAND )','AUTO-IMPORT','PAC',0,1,'2026-04-23 08:29:53'),('06f71892-bb6a-488d-89ed-da7e634fe629','BRW-000088','AIR MINERAL NESTLE 600ML','AUTO-IMPORT','BTL',0,1,'2026-04-23 08:29:53'),('09e2024b-afc9-4023-b043-896bb385770c','BRW-000659','LUMPIA STEAM AYAM','AUTO-IMPORT','PRS',0,1,'2026-04-23 08:29:53'),('0a20b01c-c45b-4bd6-a34a-4e82c4966b1b','BRW-003678','BLUE BAND 200 GR','AUTO-IMPORT','PAC',0,1,'2026-04-23 08:29:53'),('0b89fa82-8572-473f-965b-689ed8e8abd1','BRW-000654','KULIT PANGSIT REBUS AYAM','AUTO-IMPORT','KG',0,1,'2026-04-23 08:29:53'),('0c38f559-fca9-4c82-85f3-5ac835840460','BRW-004907','SHANGHAI FRIED BUNS','AUTO-IMPORT','PRS',0,1,'2026-04-23 08:29:53'),('0c82bbd5-3ca2-4e09-a976-0668a83312b5','BRW-000097','TEH BOTOL SOSRO 350ML','AUTO-IMPORT','BTL',0,1,'2026-04-23 08:29:53'),('0d6d7763-a540-4527-912a-89fbaf9f0ed4','BRW-001884','SAUCE HOISIN BEBEK','AUTO-IMPORT','KG',0,1,'2026-04-23 08:29:53'),('0d9481b1-eab3-451c-89ad-e10165bdebbc','BRW-000379','SUMPIT PANJANG BAMBU MIE','AUTO-IMPORT','SET',0,1,'2026-04-23 08:29:53'),('0f75e223-edc7-4a53-a10f-ac912dd9f1f4','BRW-000106','KABEL TIES NYLON 2,5MX150MM ( NO BRAND )','AUTO-IMPORT','PAC',0,1,'2026-04-23 08:29:53'),('116c5453-2821-4c6d-8ee0-d9660e60cfb6','BRW-004443','BERAS PRODUKSI 25 KG','AUTO-IMPORT','KG',0,1,'2026-04-23 08:29:53'),('158230c2-e34a-4d5e-a336-2ccccd583400','BRW-000668','SAUCE WINGHENG','AUTO-IMPORT','KG',0,1,'2026-04-23 08:29:53'),('168a3372-9c90-48e7-96bc-405db3006563','BRW-000119','PAPER DIMSUM 4\" 1 DUS = 4 PACK ( DRAGON PACK )','AUTO-IMPORT','DUS',0,1,'2026-04-23 08:29:53'),('1bbee04f-86a0-49dd-850a-b7eb60e244a6','BRW-000664','PANGSIT GORENG AYAM','AUTO-IMPORT','PRS',0,1,'2026-04-23 08:29:53'),('1c7f60eb-24e3-426b-87fa-9e64bacbbc36','BRW-003622','ONDE-ONDE KACANG HIJAU','AUTO-IMPORT','PRS',0,1,'2026-04-23 08:29:53'),('1e43fa58-cdea-4945-ba8e-e1afcb802ccb','BRW-003613','SAMCAN KOMBINASI','AUTO-IMPORT','PRS',0,1,'2026-04-23 08:36:22'),('1e796aee-bc98-499f-b68e-a54f14363d48','BRW-004185','PUDING KOPI','AUTO-IMPORT','PAC',0,1,'2026-04-23 08:36:22'),('22090c01-d57a-4aa1-9b0a-0340ba3effe3','BRW-000074','BIJI KOPI (COFFEE BEAN) 500GR','AUTO-IMPORT','PAC',0,1,'2026-04-23 08:29:53'),('232633bf-0beb-42aa-939d-56e0b27f1387','BRW-000685','LUMPIA STEAM BABI','AUTO-IMPORT','PRS',0,1,'2026-04-23 08:29:53'),('258e0b99-2b60-4eed-aa4d-90a1d192fb52','BRW-004159','WONG LO KAT HERBAL LIANG TEH 310 ML ( 1 DUS = 24 KLG )','AUTO-IMPORT','KLG',0,1,'2026-04-23 08:29:53'),('265c9220-0968-4ca8-9675-d54e781edfde','BRW-000102','GELAS PLASTIK BENING + TUTUP','AUTO-IMPORT','BAL',0,1,'2026-04-23 08:29:53'),('29031d96-0b46-40e4-9f11-3275f9d8fbbf','BRW-000526','BIO PLACENTON 15GR (SALEP LUKA BAKAR)','AUTO-IMPORT','PCS',0,1,'2026-04-23 08:29:53'),('29cc7f9a-f7d2-46fc-b7c3-021c7670f55a','BRW-000167','SPIDOL NON PERMANEN HITAM SNOWMAN','AUTO-IMPORT','PAC',0,1,'2026-04-23 08:29:53'),('2abed24e-28db-41f6-a931-2dfef5794fc8','BRW-000649','HAM SIOMAI AYAM','AUTO-IMPORT','KG',0,1,'2026-04-23 08:29:53'),('2adbe998-af5a-4f81-8046-bba210f438b2','BRW-000512','SPONET SABUT JARING ( POLYTEX )','AUTO-IMPORT','PCS',0,1,'2026-04-23 08:29:53'),('2ae557ed-3082-4ae8-86b4-8d1cbb0e9f83','BRW-000352','SARINGAN TEH KAIN ( NO BRAND )','AUTO-IMPORT','PCS',0,1,'2026-04-23 08:29:53'),('2b59f889-9afa-47e1-8aa4-c0774a7e2785','BRW-003616','AYAM PANGGANG 1/2 EKOR','AUTO-IMPORT','PRS',0,1,'2026-04-23 08:29:53'),('2c2f682e-ca4d-4e4d-9899-e3127c4189cc','BRW-000431','DETERGEN DAIA 800GR','AUTO-IMPORT','PAC',0,1,'2026-04-23 08:29:53'),('2d447cdd-e193-413b-9dba-74c90b8fa852','BRW-001885','BEBEK PANGGANG 1/4 EKOR','AUTO-IMPORT','PRS',0,1,'2026-04-23 08:29:53'),('2e3fa010-51a3-467e-bd46-cb5c6e605750','BRW-002936','MAX TEA LEMON @25GRX30 ( 1 DUS = 12 PAC )','AUTO-IMPORT','SCT',0,1,'2026-04-23 08:29:53'),('30631d57-df5d-46b6-a2d2-6afbacb113ed','BRW-000643','BBC AYAM','AUTO-IMPORT','PCS',0,1,'2026-04-23 08:29:53'),('310c04f3-d9f2-4467-a5d3-b549b8901f60','BRW-000096','PULPY ORANGE  300ML','AUTO-IMPORT','BTL',0,1,'2026-04-23 08:29:53'),('32c0d61c-9c7d-48e6-9a3c-e1eed210c66a','BRW-004438','SABUN CUCI PIRING 5 LTR','AUTO-IMPORT','DRG',0,1,'2026-04-23 08:29:53'),('3576cbf9-aac0-4750-9060-8b923ee5ff6f','BRW-000041','KECAP ASIN ABC','AUTO-IMPORT','DRG',0,1,'2026-04-23 08:29:53'),('35f40b80-2669-4f8c-ab14-31faad685fb6','BRW-000031','CHICKEN STOCK MAGGI 1,2 KG','AUTO-IMPORT','BTL',0,1,'2026-04-23 08:29:53'),('3a719ab6-2120-4de0-9f7e-d858f90c2507','BRW-000660','MANTAO','AUTO-IMPORT','PCS',0,1,'2026-04-23 08:29:53'),('3a7fab10-5677-4c12-9fa4-713fe2deb847','BRW-000677','BAKSO BABI','AUTO-IMPORT','PRS',0,1,'2026-04-23 08:29:53'),('3ace1135-637d-4b47-b9d5-aa206e63b62f','BRW-000662','MIE LEBAR','AUTO-IMPORT','PRS',0,1,'2026-04-23 08:29:53'),('3d50a132-eb63-4bc4-acda-465b6f308f57','BRW-000286','KOCOKAN TELOR 25CM','AUTO-IMPORT','PCS',0,1,'2026-04-23 08:29:53'),('3e5baf4c-91bc-4542-87b1-62bc4cd2d1c5','BRW-000628','WAYIEM','AUTO-IMPORT','PAC',0,1,'2026-04-23 08:29:53'),('401d1554-9808-4dc9-99a3-602cab6dc75f','BRW-000128','PLASTIK CLIPS 20X12 1 PAC = 100 PCS ( KLIP PLASTIK )','AUTO-IMPORT','PAC',0,1,'2026-04-23 08:29:53'),('413f38ef-5184-4756-a5b5-591d0b463d90','BRW-000118','PAPER CUP 190ML (GELAS KOPI 190ML KERTAS + TUTUP)','AUTO-IMPORT','PCS',0,1,'2026-04-23 08:36:22'),('428d5816-eab1-47e2-9879-a3e58ef5e172','BRW-000163','PENA HITAM STANDARD AE7','AUTO-IMPORT','PAC',0,1,'2026-04-23 08:29:53'),('42b5b042-c1ed-42c5-ab08-22d2d451877d','BRW-000130','PLASTIK HD 20X35 OBOR','AUTO-IMPORT','PAC',0,1,'2026-04-23 08:29:53'),('4375d267-fdc7-4132-a9e4-1cc5775043f2','BRW-002467','CHILLI OIL BOTOL WINGLOK','AUTO-IMPORT','BTL',0,1,'2026-04-23 08:29:53'),('46403eb2-eeb9-493e-a603-57e6c3c77930','BRW-000670','SIOMAI AYAM','AUTO-IMPORT','PRS',0,1,'2026-04-23 08:29:53'),('4762d0d8-eed5-4e61-a135-c3a99ab6378d','BRW-003614','CHASIU KOMBINASI','AUTO-IMPORT','PRS',0,1,'2026-04-23 08:29:53'),('48af6e8c-7886-40e6-ac84-ac49e452a9e5','BRW-000655','KUOTIE','AUTO-IMPORT','PRS',0,1,'2026-04-23 08:29:53'),('4cbdd980-46bc-48b9-b16c-a08f741d9638','BRW-000185','HAIRNET PUTIH 1 PAC ISI 100 PCS ( NURSE CAP )','AUTO-IMPORT','PAC',0,1,'2026-04-23 08:29:53'),('4d5e81ad-9a63-4677-aac0-739e1021f1cf','BRW-000127','PLASTIK CLIPS 12X8','AUTO-IMPORT','PAC',0,1,'2026-04-23 08:29:53'),('4fc619e6-4cf2-441f-b149-56c1eb0cdd78','BRW-000644','CAKUE','AUTO-IMPORT','PRS',0,1,'2026-04-23 08:29:53'),('528dd0f9-59ef-479f-9bcb-decdd3c223d8','BRW-003621','TELUR KECAP','AUTO-IMPORT','PRS',0,1,'2026-04-23 08:29:53'),('52910c5d-1448-4109-8c02-5f447ec87220','BRW-000705','TELUR PITAN','AUTO-IMPORT','PCS',0,1,'2026-04-23 08:29:53'),('5495f60e-d271-4939-818e-b65af180417b','BRW-003625','PAHA AYAM PISTOL (PORSI)','AUTO-IMPORT','PRS',0,1,'2026-04-23 08:29:53'),('54da7151-c4a7-481b-b6f9-c65bd15a5c7c','BRW-004199','MASTERISTA LYCHEE TEA 1000 GR (1 DUS = 12 PAC )','AUTO-IMPORT','PCS',0,1,'2026-04-23 08:29:53'),('5bc82d8d-8968-4fd4-8080-a90cd3736887','BRW-000673','HAM BABI CINCANG (TOPING MIE BABI)','AUTO-IMPORT','KG',0,1,'2026-04-23 08:29:53'),('5d49d285-2a89-4300-a47a-83ae8dcf54ec','BRW-000938','KWANYIN CHINESE TEA (1 BOX = 60 PORSI)','AUTO-IMPORT','PRS',0,1,'2026-04-23 08:29:53'),('5d5342d5-5e5a-4ecb-b33c-7497dc3baaee','BRW-003217','LAKBAN BENING KECIL 1 DUS = 24 PACK = 6 ROLL','AUTO-IMPORT','PCS',0,1,'2026-04-23 08:29:53'),('5e8f7d1c-9c24-42cb-ab29-eb70ecad67d2','BRW-004200','LYCHEE BUAH KALENG 567 GR ( 1 DUS = 12 KLG )','AUTO-IMPORT','KLG',0,1,'2026-04-23 08:29:53'),('5f51580c-9017-4127-a8e7-87f886a62c0f','BRW-000682','LOMAIKAI BABI','AUTO-IMPORT','PRS',0,1,'2026-04-23 08:29:53'),('629e8f8f-8f46-4a3b-955c-5de2ae98195b','BRW-000675','HAM BAIKUT','AUTO-IMPORT','KG',0,1,'2026-04-23 08:29:53'),('6483295f-35d3-4ff9-bb28-3d7b322b8844','BRW-000672','TEPUNG CHUIJIONG','AUTO-IMPORT','KG',0,1,'2026-04-23 08:29:53'),('66072b08-9ba2-4f0c-b3a6-ad8a2dbff1ce','BRW-001809','BUKU FOLIO BATIK 30 X 25 CM','AUTO-IMPORT','PCS',0,1,'2026-04-23 08:29:53'),('6762c1f5-8c49-4aaf-bcde-79238b776a87','BRW-003544','KANTONG KRESEK BENING 35','AUTO-IMPORT','PAC',0,1,'2026-04-23 08:29:53'),('6a2f18b2-c9e0-4550-9c96-2ff517a16e91','BRW-000120','PAPER DIMSUM 5,5\" 1 DUS = 4 PACK ( DRAGON PACK )','AUTO-IMPORT','DUS',0,1,'2026-04-23 08:29:53'),('6f26ec4a-64c7-4916-8c63-47bd21e90857','BRW-004173','MILO 3IN1 ACTIV-GO 34 GR','AUTO-IMPORT','PCS',0,1,'2026-04-23 08:29:53'),('7242aab2-7213-4f1e-8212-d8a6647bf6a9','BRW-000667','SAUCE SELADA','AUTO-IMPORT','KG',0,1,'2026-04-23 08:29:53'),('74d6e443-5c90-4b19-b234-af5073fd1495','BRW-000683','LUMPIA ABON BABI','AUTO-IMPORT','PRS',0,1,'2026-04-23 08:29:53'),('76a220dd-a721-4c00-89fe-1cc6cb6bdd23','BRW-004362','BAKPAO COKELAT','AUTO-IMPORT','PCS',0,1,'2026-04-23 08:29:53'),('76e15777-4b99-4d4b-8fa1-46ea42c5026c','BRW-002666','TUSUK GIGI POLOS MERAH KUNING','AUTO-IMPORT','PAC',0,1,'2026-04-23 08:29:53'),('770a6bb7-c51d-4ec0-9903-540124ae1198','BRW-000651','ICE COFFEE (NESCAFE ICE)','AUTO-IMPORT','PRS',0,1,'2026-04-23 08:29:53'),('77c4a814-308e-4452-aca9-d834afedcbbb','BRW-000650','HOT COFFEE (NESCAFE HOT)','AUTO-IMPORT','PRS',0,1,'2026-04-23 08:36:22'),('793c9e38-effd-4cd7-81a5-524652c2f1ec','BRW-000617','MINYAK WANGI','AUTO-IMPORT','KG',0,1,'2026-04-23 08:29:53'),('7bea32a3-04f4-44e0-9e82-d2d0f17dfc0b','BRW-004934','CHONGFEN HONGKONG','AUTO-IMPORT','PRS',0,1,'2026-04-23 08:29:53'),('7d354e1a-25ad-4859-966a-af9b39715a11','BRW-000988','HAM SOUP','AUTO-IMPORT','KG',0,1,'2026-04-23 08:29:53'),('7f1d5a40-9191-4922-9885-3fb1d51e4e99','BRW-000633','AIR GULA','AUTO-IMPORT','KG',0,1,'2026-04-23 08:29:53'),('803b4852-6bd9-41a6-8e0a-3efcce786195','BRW-000681','KULIT PANGSIT REBUS BABI','AUTO-IMPORT','KG',0,1,'2026-04-23 08:29:53'),('81f5381d-c44a-4180-a668-147ce26c6bba','BRW-004867','BAO UBI FROZEN','AUTO-IMPORT','PCS',0,1,'2026-04-23 08:29:53'),('838d220a-0497-49cc-8f59-0c211e9876f2','BRW-000658','LUMPIA KULIT TAHU AYAM','AUTO-IMPORT','PRS',0,1,'2026-04-23 08:29:53'),('86e0def6-c17f-4e8e-beb4-41010a986361','BRW-003612','CHASIU PANGGANG','AUTO-IMPORT','PRS',0,1,'2026-04-23 08:29:53'),('86e123c3-57f5-44c9-abb1-4d1e6689f899','BRW-004184','PUDING MANGGA','AUTO-IMPORT','PAC',0,1,'2026-04-23 08:36:22'),('898323c9-9347-4381-a083-e081853e78ff','BRW-000570','BAWANG PUTIH GORENG','AUTO-IMPORT','KG',0,1,'2026-04-23 08:29:53'),('8b27f47b-655f-48e9-a0c0-bc899ab56f8e','BRW-000212','TISSUE POP UP MEJA 1 DUS = 60 PACK ( LIVI )','AUTO-IMPORT','PAC',0,1,'2026-04-27 13:04:54'),('8b6fcc2f-68a2-43e2-88fa-94044b63fd89','BRW-000341','SARINGAN HALUS 20CM ( NO BRAND )','AUTO-IMPORT','PCS',0,1,'2026-04-23 08:29:53'),('8cc8e3af-dc74-4af4-ae4d-6b226502ebe1','BRW-003615','AYAM REBUS 1/2 EKOR','AUTO-IMPORT','PRS',0,1,'2026-04-23 08:29:53'),('8dbb3c4d-ebd3-4418-8be4-bfad365c859c','BRW-000669','SEASONING MIE','AUTO-IMPORT','KG',0,1,'2026-04-23 08:29:53'),('902e8f4f-ddfc-46e3-bdd5-5062de73a1d2','BRW-000688','TAHU ISI BABI','AUTO-IMPORT','PRS',0,1,'2026-04-23 08:29:53'),('90a8c832-02f7-4b7c-9c6e-66217acaa9ac','BRW-004984','SAUCE MALA','AUTO-IMPORT','PAC',0,1,'2026-04-23 08:34:48'),('924c2a43-db48-449a-af3d-14fdb31b256a','BRW-000187','HANDGLOVE PLASTIK 1 DUS 50 PACK ( NO BRAND )','AUTO-IMPORT','PAC',0,1,'2026-04-23 08:29:53'),('94ddcfe7-3916-4277-b4b1-9a0d79e02864','BRW-004888','GABIN UBI KUNING','AUTO-IMPORT','PCS',0,1,'2026-04-23 08:29:53'),('9538d47d-4196-483e-92c6-cc47365b9321','BRW-000084','GULARE GULA STIK 100 PCS','AUTO-IMPORT','PAC',0,1,'2026-04-23 08:36:22'),('969dca12-9833-403d-9b0d-56315df393a0','BRW-000151','KERTAS HVS A4 PAPERONE 75 GSM','AUTO-IMPORT','RIM',0,1,'2026-04-23 08:29:53'),('9763f01f-6cc0-4b52-9cf7-7a0af764977f','BRW-000641','BAKPAO TELUR ASIN','AUTO-IMPORT','PCS',0,1,'2026-04-23 08:29:53'),('9779bf0b-93bd-4bf8-ad21-c33cabc30253','BRW-000686','PANGSIT GORENG BABI (PANGSIT BABI)','AUTO-IMPORT','PRS',0,1,'2026-04-23 08:29:53'),('9932e5de-5e8d-43b4-826d-9bcdf2d6e8b7','BRW-000640','BAKPAO NAIWONG','AUTO-IMPORT','PCS',0,1,'2026-04-23 08:29:53'),('9c5a0c4a-de0b-4b48-bde9-cf276f53d2a5','BRW-001740','GOODIE BAG GRAND WINGHENG 30X30X17 (MEDIUM) 100 GSM','AUTO-IMPORT','PCS',0,1,'2026-04-23 08:29:53'),('9c65aed9-b08e-4f8d-b0df-06d431d51ed2','BRW-000008','TELUR AYAM','AUTO-IMPORT','KG',0,1,'2026-04-23 08:29:53'),('9d529a51-5222-4f24-a5e9-297338c677b6','BRW-003620','CEKER BEBEK KECAP','AUTO-IMPORT','PRS',0,1,'2026-04-23 08:29:53'),('9def77da-aa55-4cb3-82f4-522ad7715927','BRW-003611','SAMCAN PANGGANG','AUTO-IMPORT','PRS',0,1,'2026-04-23 08:29:53'),('9f8dffb7-0dc3-4234-919c-d4aeb4dd78ba','BRW-003644','SAUCE KECAP','AUTO-IMPORT','KG',0,1,'2026-04-23 08:29:53'),('a134c1ee-11aa-402e-905d-3f00bb3dcd3b','BRW-000674','HAM BABI CRISPY','AUTO-IMPORT','KG',0,1,'2026-04-23 08:29:53'),('a1c82d7f-54ed-4d41-9f88-5ae07379000e','BRW-004093','FOODSAFE BOX M 1 DUS = 400 PCS (TECHNO PLASTIKA)','AUTO-IMPORT','PAC',0,1,'2026-04-23 08:29:53'),('a1e911c1-7158-4dfc-af1f-9ee14bed511b','BRW-000648','HAM HAKAU','AUTO-IMPORT','KG',0,1,'2026-04-23 08:29:53'),('a222c1fe-792d-4128-a0b6-c50d3e7be9ea','BRW-000684','LUMPIA KULIT TAHU BABI','AUTO-IMPORT','PRS',0,1,'2026-04-23 08:29:53'),('a3481d1b-bb6d-41be-be7b-ed6a82184b8e','BRW-003023','SCHWEPPES TONIC WATER 250 ML ( 1 DUS = 24 KLG )','AUTO-IMPORT','KLG',0,1,'2026-04-23 08:29:53'),('a524d43c-93b7-481a-9f5b-f83348975f0f','BRW-004087','TEH REGULER 40GR','AUTO-IMPORT','PAC',0,1,'2026-04-23 08:29:53'),('a5d09ab8-cb81-49ab-b544-4f051a45d386','BRW-000943','MINYAK GORENG BIMOLI BIB 18 LTR','AUTO-IMPORT','DUS',0,1,'2026-04-23 08:29:53'),('a5e90a0e-cbf6-4332-8548-6d0d0d63cc3a','BRW-000416','ASTONISH OVEN & GRILL CLEANER 250GR ( KRIS )','AUTO-IMPORT','PCS',0,1,'2026-04-23 08:29:53'),('a6fa9e61-1d9d-4081-b7c2-aaf4472f497e','BRW-000193','KAIN PEL REFIL','AUTO-IMPORT','PCS',0,1,'2026-04-23 08:29:53'),('a71ccf1f-c925-4b59-bac3-e5632ae2e6b2','BRW-000156','KERTAS FYFAX THERMAL PAPER 80X80 1 DUS = 50 PCS ( PMM )','AUTO-IMPORT','ROL',0,1,'2026-04-23 08:29:53'),('a7aa07b5-5738-4b4f-89e0-717e3cbd1b86','BRW-000566','ABON AYAM','AUTO-IMPORT','KG',0,1,'2026-04-23 08:29:53'),('a84c9180-6dd2-4497-b137-9756088496c7','BRW-000770','SUSU VIVO WHIPPING CREAM','AUTO-IMPORT','BKS',0,1,'2026-04-23 08:36:22'),('a8a7b97f-3ed2-4e6d-a01d-1b58420a99af','BRW-000680','KUE LOBAK BABI','AUTO-IMPORT','BTG',0,1,'2026-04-23 08:29:53'),('aa2df47b-c07c-4733-9a80-9317fc596f87','BRW-004869','WARMER BAG FROZEN FOOD WINGHENG','AUTO-IMPORT','PCS',0,1,'2026-04-23 08:36:22'),('acbd7a61-6e0c-46b1-b17f-d02a2d796d4d','BRW-000645','CEKER AYAM RASA (KAKI AYAM RASA)','AUTO-IMPORT','PRS',0,1,'2026-04-23 08:29:53'),('ae2418be-15cc-4643-b74a-5fa46f908a87','BRW-004004','TEPUNG CHONG FEN','AUTO-IMPORT','SET',0,1,'2026-04-23 08:29:53'),('b14b58b1-0085-4fb6-bd56-4ef7ef21e9b4','BRW-000704','KERUPUK PANGSIT GORENG','AUTO-IMPORT','KG',0,1,'2026-04-23 08:29:53'),('b476b00c-8bdf-44a9-9df7-c5cdd727d772','BRW-000110','KANTONG PLASTIK HDPE ROLL 25X40','AUTO-IMPORT','ROL',0,1,'2026-04-23 08:29:53'),('b4d771ac-5c55-4354-9474-66ec58ff3584','BRW-000091','BIR BINTANG RADLER 330ML (1 DUS = 24 BTL)','AUTO-IMPORT','KLG',0,1,'2026-04-23 08:29:53'),('b4e4e98f-baec-4804-8fea-57f35235f9b6','BRW-003634','RASA HAINAM','AUTO-IMPORT','PRS',0,1,'2026-04-23 08:29:53'),('b54a53cc-f1df-4828-9b31-10e84826982b','BRW-000129','PLASTIK CLIPS 8X5','AUTO-IMPORT','PAC',0,1,'2026-04-23 08:29:53'),('b6749a2c-b887-4632-a66b-c87fc077f4d1','BRW-000687','SIOMAI BABI','AUTO-IMPORT','PRS',0,1,'2026-04-23 08:29:53'),('b7023456-3f4b-491a-9a87-c4ef57e2158f','BRW-000071','SUSU ULTRA MILK 1000ML UHT FULL CREAM','AUTO-IMPORT','PAC',0,1,'2026-04-23 08:29:53'),('b9a0520e-e9a0-42c8-b46b-12879eb828f2','BRW-000653','KUE PANDAN','AUTO-IMPORT','PRS',0,1,'2026-04-23 08:29:53'),('b9def050-b965-4566-8279-4b5afe51710f','BRW-000168','SPIDOL PERMANEN HITAM SNOWMAN','AUTO-IMPORT','PCS',0,1,'2026-04-23 08:29:53'),('bba88277-2a43-40df-9bce-8085a21b2660','BRW-000410','WIPER LANTAI LIONSTAR + GAGANG','AUTO-IMPORT','PCS',0,1,'2026-04-23 08:29:53'),('bca210ab-731f-46ad-8729-a27f18051a2a','BRW-000703','KUE LAPIS HONGKONG','AUTO-IMPORT','PRS',0,1,'2026-04-23 08:29:53'),('bec0746f-7fd1-40a4-b0db-9007ca124d27','BRW-004440','SABUN LANTAI 5 LTR','AUTO-IMPORT','DRG',0,1,'2026-04-23 08:29:53'),('c4002549-b88d-4153-9b7d-808396215249','BRW-003208','MAX TEA TEA TARIK @25GRX30 ( 1 DUS = 5 PAC )','AUTO-IMPORT','SCT',0,1,'2026-04-23 08:29:53'),('c558681c-2ae5-48bd-a42e-3be7be21a9b7','BRW-000116','PAPER BOWL 800ML + TUTUP 1 DUS = 500 PCS ( NESTO )','AUTO-IMPORT','PCS',0,1,'2026-04-23 08:29:53'),('c5a85693-ccec-430a-b106-f34170d94b52','BRW-000629','WIJEN MATANG','AUTO-IMPORT','KG',0,1,'2026-04-23 08:29:53'),('c5e64aba-39c7-42c4-bdc4-e694d18df851','BRW-003619','CEKER AYAM KECAP','AUTO-IMPORT','PRS',0,1,'2026-04-23 08:29:53'),('c850b46c-c225-4ccc-9bb2-cabf0869efd6','BRW-003022','EQUIL SPARKLING MINERAL WATER 380 ML (1 KRAT = 20 BTL)','AUTO-IMPORT','BTL',0,1,'2026-04-23 08:29:53'),('c948efee-9989-4fc6-9f89-8a30a89bfd21','BRW-000087','SUSU KENTAL MANIS CARNATION 370GR','AUTO-IMPORT','KLG',0,1,'2026-04-23 08:29:53'),('c9a810de-81b7-4f33-b6e6-0773156afddd','BRW-000616','MAYONAISE CK','AUTO-IMPORT','KG',0,1,'2026-04-23 08:29:53'),('caf1b831-72a1-4148-b130-15083dfcbfae','BRW-000547','CAIPO','AUTO-IMPORT','KG',0,1,'2026-04-23 08:29:53'),('cb833e75-27e1-4e01-ad37-75243830eba7','BRW-000666','SAUCE DIMSUM','AUTO-IMPORT','KG',0,1,'2026-04-23 08:29:53'),('ccffe407-4044-4910-895c-690f8b346a20','BRW-000679','HAM SIOMAI BABI','AUTO-IMPORT','KG',0,1,'2026-04-23 08:29:53'),('cd2ca38a-a947-4f3a-8322-c2e4ec7eae5f','BRW-000114','PAPER BOWL 1000ML + TUTUP','AUTO-IMPORT','PCS',0,1,'2026-04-23 08:34:48'),('cd39e497-fe46-4f18-b145-04b75d81f890','BRW-000678','BBC BABI','AUTO-IMPORT','PCS',0,1,'2026-04-23 08:29:53'),('cd9e8115-ba0e-4837-8d7d-bf4f21c94c2a','BRW-000639','BAKPAO LIENYUNG','AUTO-IMPORT','PCS',0,1,'2026-04-23 08:29:53'),('ceebb127-e55b-45f6-a0d0-a51e486e0229','BRW-003623','ONDE-ONDE WIJEN','AUTO-IMPORT','PRS',0,1,'2026-04-23 08:29:53'),('d0d1fcd4-0e8f-4d4c-a402-8dc3cff2b278','BRW-000676','BAKPAO BABI WH','AUTO-IMPORT','PCS',0,1,'2026-04-23 08:29:53'),('d2d80d77-5b2d-4ec5-9847-e607b3d189fb','BRW-000150','ISI STEPLESS NO.10 (ISI STEPLES KECIL)','AUTO-IMPORT','PCS',0,1,'2026-04-23 08:29:53'),('d42782da-870a-4b9f-aa7c-8e148b0ff1cf','BRW-000198','LAP MICROFIBER','AUTO-IMPORT','PCS',0,1,'2026-04-23 08:29:53'),('d53de0eb-ec7b-498e-b647-34d3d63b0c1f','BRW-003006','BIR GUINNES KLG 500 ML','AUTO-IMPORT','KLG',0,1,'2026-04-23 08:29:53'),('d82ceff6-f6f7-4de0-bc94-34b485d58f93','BRW-000095','COCA-COLA 250ML','AUTO-IMPORT','DUS',0,1,'2026-04-23 08:29:53'),('db37a0cd-2af2-42b5-8f1e-72db3a691e09','BRW-004130','KAMPER ROOM FRAGRANCE COLOR BALL 200 GR (SWALLOW)','AUTO-IMPORT','PCS',0,1,'2026-04-23 08:29:53'),('dff78e5e-4fb7-4fb3-baf6-de0bc031405c','BRW-000415','ASTONISH CUP CLEANER 350GR ( KRIS )','AUTO-IMPORT','PCS',0,1,'2026-04-23 08:29:53'),('e2968e29-a29f-4ae1-9235-c6e19782a698','BRW-000661','MIE KECIL (MIE PANGSIT CENTRAL)','AUTO-IMPORT','PRS',0,1,'2026-04-23 08:29:53'),('e53bfd3a-4f97-49d0-b6f0-e3336b8ebd4a','BRW-000121','PAPER DOLLY 5,5 DRAGON PACK','AUTO-IMPORT','DUS',0,1,'2026-04-23 08:29:53'),('e73b7e2c-b77f-4ae6-9e15-f6a9c87687a5','BRW-004092','FOODSAFE BOX S 1 DUS = 600 PCS (TECHNO PLASTIKA)','AUTO-IMPORT','PAC',0,1,'2026-04-23 08:29:53'),('e89cfbad-9429-4933-b0e4-9f2c5b96db0b','BRW-003635','MADU CHASIU','AUTO-IMPORT','BTL',0,1,'2026-04-23 08:29:53'),('e941d546-2f5a-422e-a269-7e3c1dceb90d','BRW-000471','LEM OCELLUS (GLUE PAD KINGS TRAP 42X22 CM)','AUTO-IMPORT','LBR',0,1,'2026-04-23 08:29:53'),('ea2bd839-5aa6-4466-a579-53056a4590a7','BRW-003624','PAHA AYAM PISTOL KOMBINASI','AUTO-IMPORT','PRS',0,1,'2026-04-23 08:36:22'),('ebbc4acd-1103-43b9-80f5-ee4d99f4e35b','BRW-000202','NANO FILTER 2-TIER FIBER CARTRIDGE (FILTER RO PUTIH)','AUTO-IMPORT','PCS',0,1,'2026-04-23 08:29:53'),('ebf5d1fd-7c35-470c-8827-ddd8dfb35a1d','BRW-000188','HANDUK GOODMORNING ( NO BRAND )','AUTO-IMPORT','PCS',0,1,'2026-04-23 08:29:53'),('ed56a11e-eb23-4e57-a007-015e0c0eb34b','BRW-000700','JASMINE CHINESE TEA @10 GRAM','AUTO-IMPORT','PRS',0,1,'2026-04-23 08:36:22'),('ee9f8d78-b8a9-4838-80e6-2bcf631324b3','BRW-003708','SAMCAN KECAP','AUTO-IMPORT','PRS',0,1,'2026-04-23 08:29:53'),('ef3afd92-42a7-4181-aa3b-2b1425083164','BRW-002410','CHILLI OIL BOTOL WINGHENG','AUTO-IMPORT','BTL',0,1,'2026-04-23 08:36:22'),('efcf339d-7048-4107-971c-d3e3a73eda5e','BRW-000636','HAM AYAM TALAS','AUTO-IMPORT','KG',0,1,'2026-04-23 08:29:53'),('f0527c87-1496-4d20-b96c-71facd0d5816','BRW-001744','RASA KALDU @27 GRAM','AUTO-IMPORT','KG',0,1,'2026-04-23 08:29:53'),('f0b30684-75df-426f-8d55-d706f550e022','BRW-000638','BAKPAO AYAM WH','AUTO-IMPORT','PCS',0,1,'2026-04-23 08:29:53'),('f1a5852c-7ef1-4c26-89b4-015abf46c1c4','BRW-003005','BIR BINTANG PILSENER KLG 490 ML','AUTO-IMPORT','BTL',0,1,'2026-04-23 08:29:53'),('f39b7dac-dd61-4d8f-8a18-5e2d6348e23c','BRW-000546','AYAM TUA','AUTO-IMPORT','KG',0,1,'2026-04-23 08:29:53'),('f527d9c4-8fbc-4d4b-b167-53325792e11f','BRW-004887','GABIN UBI UNGU','AUTO-IMPORT','PCS',0,1,'2026-04-23 08:29:53'),('fb93fe0f-e343-4c70-83ee-8347850d4f1b','BRW-002848','WRAPPING FILM 30 CM 1 DUS = 6 ROLL  (CHEFY)','AUTO-IMPORT','ROL',0,1,'2026-04-23 08:29:53'),('fbc9d662-f549-4abd-bb01-4fb749e7d344','BRW-000590','CHILLI OIL','AUTO-IMPORT','KG',0,1,'2026-04-23 08:29:53');
/*!40000 ALTER TABLE `items` ENABLE KEYS */;
UNLOCK TABLES;

--
-- Table structure for table `partners`
--

DROP TABLE IF EXISTS `partners`;
/*!40101 SET @saved_cs_client     = @@character_set_client */;
/*!50503 SET character_set_client = utf8mb4 */;
CREATE TABLE `partners` (
  `id` char(36) NOT NULL,
  `type` enum('SUPPLIER','CUSTOMER') NOT NULL,
  `name` varchar(100) NOT NULL,
  `phone` varchar(20) DEFAULT NULL,
  `email` varchar(100) DEFAULT NULL,
  `address` text,
  `npwp` varchar(50) DEFAULT NULL,
  `term_days` int DEFAULT '0',
  `is_active` tinyint(1) DEFAULT '1',
  PRIMARY KEY (`id`)
) ENGINE=InnoDB DEFAULT CHARSET=utf8mb4 COLLATE=utf8mb4_0900_ai_ci;
/*!40101 SET character_set_client = @saved_cs_client */;

--
-- Dumping data for table `partners`
--

LOCK TABLES `partners` WRITE;
/*!40000 ALTER TABLE `partners` DISABLE KEYS */;
INSERT INTO `partners` VALUES ('07691610-914b-4b26-b7cd-fa3cd7fd1622','SUPPLIER','GC - KKL',NULL,NULL,NULL,NULL,0,1),('0aa9892c-c97c-4bcf-86ff-ea6b777c988e','SUPPLIER','GC - ANGKE',NULL,NULL,NULL,NULL,0,1),('2254773b-7fe8-4365-9273-70c86a752ddc','SUPPLIER','CK - ANGKE',NULL,NULL,NULL,NULL,0,1),('273b250c-fbfa-47b9-a79b-f9beade93746','CUSTOMER','FLOOR',NULL,NULL,NULL,NULL,0,1),('895241ce-6388-4c18-b5cb-7d6b43cdab26','CUSTOMER','KITCHEN',NULL,NULL,NULL,NULL,0,1),('b9126861-c256-4669-a5aa-9fbd34f0ed8c','SUPPLIER','CK - SUNTER',NULL,NULL,NULL,NULL,0,1);
/*!40000 ALTER TABLE `partners` ENABLE KEYS */;
UNLOCK TABLES;

--
-- Table structure for table `playlist_songs`
--

DROP TABLE IF EXISTS `playlist_songs`;
/*!40101 SET @saved_cs_client     = @@character_set_client */;
/*!50503 SET character_set_client = utf8mb4 */;
CREATE TABLE `playlist_songs` (
  `id` char(36) NOT NULL,
  `playlist_id` char(36) NOT NULL,
  `title` varchar(200) NOT NULL,
  `youtube_url` varchar(500) NOT NULL,
  `added_at` timestamp NULL DEFAULT CURRENT_TIMESTAMP,
  PRIMARY KEY (`id`),
  KEY `playlist_id` (`playlist_id`),
  CONSTRAINT `playlist_songs_ibfk_1` FOREIGN KEY (`playlist_id`) REFERENCES `playlists` (`id`) ON DELETE CASCADE
) ENGINE=InnoDB DEFAULT CHARSET=utf8mb4 COLLATE=utf8mb4_0900_ai_ci;
/*!40101 SET character_set_client = @saved_cs_client */;

--
-- Dumping data for table `playlist_songs`
--

LOCK TABLES `playlist_songs` WRITE;
/*!40000 ALTER TABLE `playlist_songs` DISABLE KEYS */;
/*!40000 ALTER TABLE `playlist_songs` ENABLE KEYS */;
UNLOCK TABLES;

--
-- Table structure for table `playlists`
--

DROP TABLE IF EXISTS `playlists`;
/*!40101 SET @saved_cs_client     = @@character_set_client */;
/*!50503 SET character_set_client = utf8mb4 */;
CREATE TABLE `playlists` (
  `id` char(36) NOT NULL,
  `name` varchar(100) NOT NULL,
  `created_at` timestamp NULL DEFAULT CURRENT_TIMESTAMP,
  PRIMARY KEY (`id`)
) ENGINE=InnoDB DEFAULT CHARSET=utf8mb4 COLLATE=utf8mb4_0900_ai_ci;
/*!40101 SET character_set_client = @saved_cs_client */;

--
-- Dumping data for table `playlists`
--

LOCK TABLES `playlists` WRITE;
/*!40000 ALTER TABLE `playlists` DISABLE KEYS */;
/*!40000 ALTER TABLE `playlists` ENABLE KEYS */;
UNLOCK TABLES;

--
-- Table structure for table `reject_batches`
--

DROP TABLE IF EXISTS `reject_batches`;
/*!40101 SET @saved_cs_client     = @@character_set_client */;
/*!50503 SET character_set_client = utf8mb4 */;
CREATE TABLE `reject_batches` (
  `id` char(36) NOT NULL,
  `date` date NOT NULL,
  `outlet` varchar(100) NOT NULL,
  `created_at` timestamp NULL DEFAULT CURRENT_TIMESTAMP,
  PRIMARY KEY (`id`)
) ENGINE=InnoDB DEFAULT CHARSET=utf8mb4 COLLATE=utf8mb4_0900_ai_ci;
/*!40101 SET character_set_client = @saved_cs_client */;

--
-- Dumping data for table `reject_batches`
--

LOCK TABLES `reject_batches` WRITE;
/*!40000 ALTER TABLE `reject_batches` DISABLE KEYS */;
INSERT INTO `reject_batches` VALUES ('REJ-04134212','2026-04-02','KKL','2026-04-02 08:00:00'),('REJ-047795','2026-04-23','KKL','2026-04-25 04:07:30'),('REJ-066727','2026-05-01','KKL','2026-05-02 03:21:09'),('REJ-111406','2026-04-26','KKL','2026-04-27 02:48:30'),('REJ-160284','2026-04-24','KKL','2026-04-25 04:09:24'),('REJ-27EA2715','2026-04-16','KKL','2026-04-16 08:00:00'),('REJ-3EE982E5','2026-04-09','KKL','2026-04-09 08:00:00'),('REJ-59F00C4B','2026-04-12','KKL','2026-04-12 08:00:00'),('REJ-5E09A572','2026-04-08','KKL','2026-04-08 08:00:00'),('REJ-621691','2026-05-02','KKL','2026-05-03 03:07:03'),('REJ-62EB2CF0','2026-04-13','KKL','2026-04-13 08:00:00'),('REJ-630534','2026-04-25','KKL','2026-04-26 03:20:31'),('REJ-6800A315','2026-04-10','KKL','2026-04-10 08:00:00'),('REJ-739241','2026-04-27','KKL','2026-04-29 03:02:19'),('REJ-74CBC67B','2026-04-03','KKL','2026-04-03 08:00:00'),('REJ-77E8BD5B','2026-04-01','KKL','2026-04-01 08:00:00'),('REJ-790722','2026-04-28','KKL','2026-04-29 03:03:10'),('REJ-794187','2026-04-20','KKL','2026-04-25 04:03:16'),('REJ-79C3E6C9','2026-04-11','KKL','2026-04-11 08:00:00'),('REJ-7CE4FE50','2026-04-19','KKL','2026-04-19 08:00:00'),('REJ-805092','2026-04-29','KKL','2026-04-30 03:13:25'),('REJ-816863B4','2026-04-05','KKL','2026-04-05 08:00:00'),('REJ-878386','2026-04-21','KKL','2026-04-25 04:04:41'),('REJ-902627','2026-04-30','KKL','2026-05-01 04:31:45'),('REJ-938519','2026-05-03','KKL','2026-05-04 03:39:00'),('REJ-949006','2026-04-22','KKL','2026-04-25 04:05:51'),('REJ-9B29246E','2026-04-17','KKL','2026-04-17 08:00:00'),('REJ-E54AE339','2026-04-06','KKL','2026-04-06 08:00:00'),('REJ-EBD1CE70','2026-04-07','KKL','2026-04-07 08:00:00'),('REJ-ECEAE660','2026-04-14','KKL','2026-04-14 08:00:00'),('REJ-ED3364A2','2026-04-18','KKL','2026-04-18 08:00:00'),('REJ-F3000FBF','2026-04-15','KKL','2026-04-15 08:00:00');
/*!40000 ALTER TABLE `reject_batches` ENABLE KEYS */;
UNLOCK TABLES;

--
-- Table structure for table `reject_items`
--

DROP TABLE IF EXISTS `reject_items`;
/*!40101 SET @saved_cs_client     = @@character_set_client */;
/*!50503 SET character_set_client = utf8mb4 */;
CREATE TABLE `reject_items` (
  `id` int NOT NULL AUTO_INCREMENT,
  `batch_id` char(36) NOT NULL,
  `item_id` char(36) NOT NULL,
  `sku` varchar(50) DEFAULT NULL,
  `name` varchar(150) DEFAULT NULL,
  `qty` decimal(15,4) NOT NULL,
  `unit` varchar(20) NOT NULL,
  `base_qty` decimal(15,4) NOT NULL,
  `input_qty` decimal(15,4) DEFAULT NULL,
  `input_unit` varchar(20) DEFAULT NULL,
  `reason` varchar(255) DEFAULT NULL,
  PRIMARY KEY (`id`),
  KEY `batch_id` (`batch_id`),
  KEY `item_id` (`item_id`),
  CONSTRAINT `reject_items_ibfk_1` FOREIGN KEY (`batch_id`) REFERENCES `reject_batches` (`id`) ON DELETE CASCADE,
  CONSTRAINT `reject_items_ibfk_2` FOREIGN KEY (`item_id`) REFERENCES `reject_master_items` (`id`)
) ENGINE=InnoDB AUTO_INCREMENT=496 DEFAULT CHARSET=utf8mb4 COLLATE=utf8mb4_0900_ai_ci;
/*!40101 SET character_set_client = @saved_cs_client */;

--
-- Dumping data for table `reject_items`
--

LOCK TABLES `reject_items` WRITE;
/*!40000 ALTER TABLE `reject_items` DISABLE KEYS */;
INSERT INTO `reject_items` VALUES (2,'REJ-794187','42c88711-cf1a-4632-8525-25ea1e67d810','ADD-000013','KUAH KALDU (ADA RASA)',9.0000,'KG',9.0000,9.0000,'KG','BASI'),(3,'REJ-794187','3ee3bef3-bcdf-4d00-aee6-c640b6baac27','ADD-000007','LETTUCE (WASTE)',0.3520,'KG',0.3520,352.0000,'GR','BONGGOL'),(4,'REJ-794187','669c704c-fed0-4159-9cf5-de460e7a1930','BRW-000614','LETTUCE',0.4340,'KG',0.4340,434.0000,'GRM','BUSUK'),(5,'REJ-794187','b4e8e508-6a70-4687-ac71-92cb7d9b7266','ADD-000005','JAMUR ENOKI (WASTE)',0.3900,'PAC',0.3900,39.0000,'GR','BONGGOL'),(6,'REJ-794187','6ea18cd0-4673-4b73-baed-4e236cc89b11','BRW-000687','SIOMAI BABI',1.0000,'PRS',1.0000,1.0000,'PRS','BASI'),(7,'REJ-794187','42c88711-cf1a-4632-8525-25ea1e67d810','ADD-000013','KUAH KALDU (ADA RASA)',5.0000,'KG',5.0000,5.0000,'KG','BASI'),(8,'REJ-878386','a0d05936-be41-43d3-b745-c404baeb16a2','BRW-003621','TELUR KECAP',1.0000,'PRS',1.0000,1.0000,'PRS','BASI'),(9,'REJ-878386','a785101c-cd2a-41ba-b588-4760ac575d65','BRW-000645','CEKER AYAM RASA (KAKI AYAM RASA)',1.0000,'PRS',1.0000,1.0000,'PRS','BASI'),(10,'REJ-878386','d7aa6a41-a2a2-4e18-bb6a-c6d2681001dd','BRW-000684','LUMPIA KULIT TAHU BABI',1.6667,'PRS',1.6667,5.0000,'PCS','BASI'),(11,'REJ-878386','a2bcf6b8-c37c-40d3-8016-ffb40491eecf','BRW-000988','HAM SOUP',0.1000,'KG',0.1000,1.0000,'PRS','BASI'),(12,'REJ-878386','b4e8e508-6a70-4687-ac71-92cb7d9b7266','ADD-000005','JAMUR ENOKI (WASTE)',0.2700,'PAC',0.2700,27.0000,'GR','BONGGOL'),(13,'REJ-878386','669c704c-fed0-4159-9cf5-de460e7a1930','BRW-000614','LETTUCE',0.2620,'KG',0.2620,262.0000,'GRM','BUSUK'),(14,'REJ-878386','3ee3bef3-bcdf-4d00-aee6-c640b6baac27','ADD-000007','LETTUCE (WASTE)',0.3590,'KG',0.3590,359.0000,'GR','BONGGOL'),(15,'REJ-878386','8a06cc7a-6345-485f-ab43-9b478fe6defd','BRW-000653','KUE PANDAN',1.0000,'PRS',1.0000,1.0000,'PRS','KOMPLAIN CS'),(16,'REJ-949006','6ea18cd0-4673-4b73-baed-4e236cc89b11','BRW-000687','SIOMAI BABI',3.0000,'PRS',3.0000,3.0000,'PRS','BASI'),(17,'REJ-949006','a785101c-cd2a-41ba-b588-4760ac575d65','BRW-000645','CEKER AYAM RASA (KAKI AYAM RASA)',1.0000,'PRS',1.0000,1.0000,'PRS','BASI'),(18,'REJ-949006','c5388dbb-e8d0-4fab-85ed-6351baffb8d0','BRW-000646','CHONGFEN',9.0000,'PRS',9.0000,9.0000,'PRS','BERLENDIR'),(19,'REJ-949006','b4e8e508-6a70-4687-ac71-92cb7d9b7266','ADD-000005','JAMUR ENOKI (WASTE)',0.3900,'PAC',0.3900,39.0000,'GR','BONGGO'),(20,'REJ-949006','3ee3bef3-bcdf-4d00-aee6-c640b6baac27','ADD-000007','LETTUCE (WASTE)',0.4870,'KG',0.4870,487.0000,'GR','BONGGOL'),(21,'REJ-949006','669c704c-fed0-4159-9cf5-de460e7a1930','BRW-000614','LETTUCE',0.1550,'KG',0.1550,155.0000,'GRM','BUSUK'),(22,'REJ-949006','184de4f5-eb4d-4d05-96a5-728e37cd0824','ADD-000006','JAMUR TIRAM (WASTE)',0.1130,'KG',0.1130,113.0000,'GR','BONGGOL'),(23,'REJ-047795','68bd4022-47fb-4819-9503-c0e7d4134ac0','BRW-003622','ONDE-ONDE KACANG HIJAU',8.0000,'PRS',8.0000,8.0000,'PRS','RUSAK'),(24,'REJ-047795','bba77269-967e-4ef4-abae-da4a1b87aef1','BRW-003623','ONDE-ONDE WIJEN',0.3333,'PRS',0.3333,1.0000,'PCS','RUSAK'),(25,'REJ-047795','58830545-9cfd-44cd-a18b-93a4ed0fd4a7','BRW-000660','MANTAO',1.0000,'PCS',1.0000,1.0000,'PCS','RUSAK'),(26,'REJ-047795','5b73c10a-11d7-4c3e-911b-fd1b8d7a6043','BRW-000641','BAKPAO TELUR ASIN',4.0000,'PCS',4.0000,4.0000,'PCS','GOSONG'),(27,'REJ-047795','e4ce91ce-8727-4830-8761-af18b8684e18','BRW-004934','CHONGFEN HONGKONG',2.0000,'PRS',2.0000,2.0000,'PRS','RUSAK'),(28,'REJ-047795','a0d05936-be41-43d3-b745-c404baeb16a2','BRW-003621','TELUR KECAP',0.5000,'PRS',0.5000,0.5000,'PRS','BASI'),(29,'REJ-047795','a785101c-cd2a-41ba-b588-4760ac575d65','BRW-000645','CEKER AYAM RASA (KAKI AYAM RASA)',0.5000,'PRS',0.5000,2.0000,'PCS','RUSAK'),(30,'REJ-160284','a785101c-cd2a-41ba-b588-4760ac575d65','BRW-000645','CEKER AYAM RASA (KAKI AYAM RASA)',2.0000,'PRS',2.0000,2.0000,'PRS','KURANG FRESH'),(31,'REJ-160284','5b73c10a-11d7-4c3e-911b-fd1b8d7a6043','BRW-000641','BAKPAO TELUR ASIN',1.0000,'PCS',1.0000,1.0000,'PCS','GOSONG '),(32,'REJ-160284','c9cd5374-c9b3-43fa-855b-377404c4956a','BRW-004909','BOLO BUN',1.0000,'PCS',1.0000,1.0000,'PCS','GOOSONG'),(33,'REJ-160284','669c704c-fed0-4159-9cf5-de460e7a1930','BRW-000614','LETTUCE',0.1310,'KG',0.1310,131.0000,'GRM','BUSUK'),(34,'REJ-160284','166c6f1a-7bc5-4e07-903b-e78fee88b719','BRW-000591','DAUN BAWANG',0.7650,'KG',0.7650,765.0000,'GR','BUSUK'),(35,'REJ-160284','3ee3bef3-bcdf-4d00-aee6-c640b6baac27','ADD-000007','LETTUCE (WASTE)',0.5640,'KG',0.5640,564.0000,'GR','BONGGOL'),(36,'REJ-160284','3ee3bef3-bcdf-4d00-aee6-c640b6baac27','ADD-000007','LETTUCE (WASTE)',0.1580,'KG',0.1580,158.0000,'GR','BONGGOL'),(37,'REJ-160284','58830545-9cfd-44cd-a18b-93a4ed0fd4a7','BRW-000660','MANTAO',7.0000,'PCS',7.0000,7.0000,'PCS','RUSAK'),(38,'REJ-630534','166c6f1a-7bc5-4e07-903b-e78fee88b719','BRW-000591','DAUN BAWANG',0.0900,'KG',0.0900,90.0000,'GR','busuk'),(39,'REJ-630534','669c704c-fed0-4159-9cf5-de460e7a1930','BRW-000614','LETTUCE',0.3110,'KG',0.3110,311.0000,'GRM','busuk'),(40,'REJ-630534','669c704c-fed0-4159-9cf5-de460e7a1930','BRW-000614','LETTUCE',0.2260,'KG',0.2260,226.0000,'GRM','busuk'),(41,'REJ-630534','3ee3bef3-bcdf-4d00-aee6-c640b6baac27','ADD-000007','LETTUCE (WASTE)',0.3800,'KG',0.3800,380.0000,'GR','bonggol'),(42,'REJ-630534','3ee3bef3-bcdf-4d00-aee6-c640b6baac27','ADD-000007','LETTUCE (WASTE)',0.3180,'KG',0.3180,318.0000,'GR','bonggol'),(43,'REJ-630534','c9cd5374-c9b3-43fa-855b-377404c4956a','BRW-004909','BOLO BUN',1.0000,'PCS',1.0000,1.0000,'PCS','gosong'),(44,'REJ-630534','5b73c10a-11d7-4c3e-911b-fd1b8d7a6043','BRW-000641','BAKPAO TELUR ASIN',1.0000,'PCS',1.0000,1.0000,'PCS','basah'),(45,'REJ-630534','6c5eef01-1145-47e5-96b5-28c8e523a9ee','BRW-000705','TELUR PITAN',1.0000,'PCS',1.0000,1.0000,'PCS','bau'),(46,'REJ-630534','166c6f1a-7bc5-4e07-903b-e78fee88b719','BRW-000591','DAUN BAWANG',0.2000,'KG',0.2000,200.0000,'GR','busuk'),(47,'REJ-630534','3ee3bef3-bcdf-4d00-aee6-c640b6baac27','ADD-000007','LETTUCE (WASTE)',0.1140,'KG',0.1140,114.0000,'GR','bonggol'),(296,'REJ-77E8BD5B','232162a3-f009-433b-87af-8627ec67dbb0','ADD-000037','DAUN BAWANG (WASTE)',0.2720,'KG',0.2720,0.2720,'KG','Import Excel'),(297,'REJ-77E8BD5B','e1d4e34a-e46e-41b0-9791-be083d90f2a9','BRW-004888','GABIN UBI KUNING',9.0000,'Pcs',9.0000,9.0000,'Pcs','Import Excel'),(298,'REJ-77E8BD5B','4940efab-a72c-422e-bc6d-585db2f8fa38','BRW-004887','GABIN UBI UNGU',1.0000,'Pcs',1.0000,1.0000,'Pcs','Import Excel'),(299,'REJ-77E8BD5B','184de4f5-eb4d-4d05-96a5-728e37cd0824','ADD-000006','JAMUR TIRAM (WASTE)',0.0120,'KG',0.0120,0.0120,'KG','Import Excel'),(300,'REJ-77E8BD5B','669c704c-fed0-4159-9cf5-de460e7a1930','BRW-000614','LETTUCE',0.1490,'KG',0.1490,0.1490,'KG','Import Excel'),(301,'REJ-77E8BD5B','3ee3bef3-bcdf-4d00-aee6-c640b6baac27','ADD-000007','LETTUCE (WASTE)',0.3830,'KG',0.3830,0.3830,'KG','Import Excel'),(302,'REJ-77E8BD5B','4aadc9e9-4276-40f2-bd4b-b84e7215654a','BRW-000658','LUMPIA KULIT TAHU AYAM',0.6667,'PRS',0.6667,0.6667,'PRS','Import Excel'),(303,'REJ-77E8BD5B','58830545-9cfd-44cd-a18b-93a4ed0fd4a7','BRW-000660','MANTAO',1.0000,'PCS',1.0000,1.0000,'PCS','Import Excel'),(304,'REJ-77E8BD5B','6c5eef01-1145-47e5-96b5-28c8e523a9ee','BRW-000705','TELUR PITAN',2.0000,'PCS',2.0000,2.0000,'PCS','Import Excel'),(305,'REJ-04134212','a785101c-cd2a-41ba-b588-4760ac575d65','BRW-000645','CEKER AYAM RASA (KAKI AYAM RASA)',1.0000,'PRS',1.0000,1.0000,'PRS','Import Excel'),(306,'REJ-04134212','b4e8e508-6a70-4687-ac71-92cb7d9b7266','ADD-000005','JAMUR ENOKI (WASTE)',0.1000,'PAC',0.1000,0.1000,'PAC','Import Excel'),(307,'REJ-04134212','184de4f5-eb4d-4d05-96a5-728e37cd0824','ADD-000006','JAMUR TIRAM (WASTE)',0.0690,'KG',0.0690,0.0690,'KG','Import Excel'),(308,'REJ-04134212','9f06b771-14e2-4f18-97ff-83a14391f12e','ADD-000002','STEAM TELUR HONGKONG',2.0000,'PRS',2.0000,2.0000,'PRS','Import Excel'),(309,'REJ-74CBC67B','6dadaeea-6a8c-49d4-a3e9-225f97e57a7b','BRW-000676','BAKPAO BABI WH',1.0000,'PCS',1.0000,1.0000,'PCS','Import Excel'),(310,'REJ-74CBC67B','b4e8e508-6a70-4687-ac71-92cb7d9b7266','ADD-000005','JAMUR ENOKI (WASTE)',0.2400,'PAC',0.2400,0.2400,'PAC','Import Excel'),(311,'REJ-74CBC67B','669c704c-fed0-4159-9cf5-de460e7a1930','BRW-000614','LETTUCE',0.4560,'KG',0.4560,0.4560,'KG','Import Excel'),(312,'REJ-74CBC67B','3ee3bef3-bcdf-4d00-aee6-c640b6baac27','ADD-000007','LETTUCE (WASTE)',0.3060,'KG',0.3060,0.3060,'KG','Import Excel'),(313,'REJ-816863B4','a785101c-cd2a-41ba-b588-4760ac575d65','BRW-000645','CEKER AYAM RASA (KAKI AYAM RASA)',1.0000,'PRS',1.0000,1.0000,'PRS','Import Excel'),(314,'REJ-816863B4','b4e8e508-6a70-4687-ac71-92cb7d9b7266','ADD-000005','JAMUR ENOKI (WASTE)',0.4900,'PAC',0.4900,0.4900,'PAC','Import Excel'),(315,'REJ-816863B4','669c704c-fed0-4159-9cf5-de460e7a1930','BRW-000614','LETTUCE',0.4070,'KG',0.4070,0.4070,'KG','Import Excel'),(316,'REJ-816863B4','3ee3bef3-bcdf-4d00-aee6-c640b6baac27','ADD-000007','LETTUCE (WASTE)',0.2320,'KG',0.2320,0.2320,'KG','Import Excel'),(317,'REJ-816863B4','58830545-9cfd-44cd-a18b-93a4ed0fd4a7','BRW-000660','MANTAO',3.0000,'PCS',3.0000,3.0000,'PCS','Import Excel'),(318,'REJ-816863B4','a0d05936-be41-43d3-b745-c404baeb16a2','BRW-003621','TELUR KECAP',0.5000,'PRS',0.5000,0.5000,'PRS','Import Excel'),(319,'REJ-E54AE339','b4e8e508-6a70-4687-ac71-92cb7d9b7266','ADD-000005','JAMUR ENOKI (WASTE)',0.0600,'PAC',0.0600,0.0600,'PAC','Import Excel'),(320,'REJ-E54AE339','42c88711-cf1a-4632-8525-25ea1e67d810','ADD-000013','KUAH KALDU (ADA RASA)',9.0000,'KG',9.0000,9.0000,'KG','Import Excel'),(321,'REJ-E54AE339','669c704c-fed0-4159-9cf5-de460e7a1930','BRW-000614','LETTUCE',0.2970,'KG',0.2970,0.2970,'KG','Import Excel'),(322,'REJ-E54AE339','3ee3bef3-bcdf-4d00-aee6-c640b6baac27','ADD-000007','LETTUCE (WASTE)',0.2110,'KG',0.2110,0.2110,'KG','Import Excel'),(323,'REJ-E54AE339','e4608a1c-aa64-46fc-8374-d4276ca881da','BRW-003611','SAMCAN PANGGANG',1.0000,'PRS',1.0000,1.0000,'PRS','Import Excel'),(324,'REJ-EBD1CE70','669c704c-fed0-4159-9cf5-de460e7a1930','BRW-000614','LETTUCE',0.9070,'KG',0.9070,0.9070,'KG','Import Excel'),(325,'REJ-EBD1CE70','3ee3bef3-bcdf-4d00-aee6-c640b6baac27','ADD-000007','LETTUCE (WASTE)',0.2330,'KG',0.2330,0.2330,'KG','Import Excel'),(326,'REJ-EBD1CE70','9f06b771-14e2-4f18-97ff-83a14391f12e','ADD-000002','STEAM TELUR HONGKONG',1.0000,'PRS',1.0000,1.0000,'PRS','Import Excel'),(327,'REJ-5E09A572','98e9849c-a23d-4be4-8d75-db8c33df94d9','BRW-000638','BAKPAO AYAM WH',1.0000,'PCS',1.0000,1.0000,'PCS','Import Excel'),(328,'REJ-5E09A572','b4e8e508-6a70-4687-ac71-92cb7d9b7266','ADD-000005','JAMUR ENOKI (WASTE)',0.1500,'PAC',0.1500,0.1500,'PAC','Import Excel'),(329,'REJ-5E09A572','f41eac34-2945-454a-9d9a-53d04cf8024a','BRW-000552','JAMUR TIRAM',0.0800,'KG',0.0800,0.0800,'KG','Import Excel'),(330,'REJ-5E09A572','184de4f5-eb4d-4d05-96a5-728e37cd0824','ADD-000006','JAMUR TIRAM (WASTE)',0.0950,'KG',0.0950,0.0950,'KG','Import Excel'),(331,'REJ-5E09A572','669c704c-fed0-4159-9cf5-de460e7a1930','BRW-000614','LETTUCE',0.7110,'KG',0.7110,0.7110,'KG','Import Excel'),(332,'REJ-5E09A572','3ee3bef3-bcdf-4d00-aee6-c640b6baac27','ADD-000007','LETTUCE (WASTE)',0.1250,'KG',0.1250,0.1250,'KG','Import Excel'),(333,'REJ-5E09A572','1a176bbc-c039-4a21-a7ff-2e6762fcb24b','BRW-000662','MIE LEBAR',1.0000,'PRS',1.0000,1.0000,'PRS','Import Excel'),(334,'REJ-5E09A572','68bd4022-47fb-4819-9503-c0e7d4134ac0','BRW-003622','ONDE-ONDE KACANG HIJAU',0.3333,'PRS',0.3333,0.3333,'PRS','Import Excel'),(335,'REJ-3EE982E5','5b73c10a-11d7-4c3e-911b-fd1b8d7a6043','BRW-000641','BAKPAO TELUR ASIN',1.0000,'PCS',1.0000,1.0000,'PCS','Import Excel'),(336,'REJ-3EE982E5','669c704c-fed0-4159-9cf5-de460e7a1930','BRW-000614','LETTUCE',0.3140,'KG',0.3140,0.3140,'KG','Import Excel'),(337,'REJ-3EE982E5','3ee3bef3-bcdf-4d00-aee6-c640b6baac27','ADD-000007','LETTUCE (WASTE)',0.4870,'KG',0.4870,0.4870,'KG','Import Excel'),(338,'REJ-3EE982E5','e4608a1c-aa64-46fc-8374-d4276ca881da','BRW-003611','SAMCAN PANGGANG',1.0000,'PRS',1.0000,1.0000,'PRS','Import Excel'),(339,'REJ-6800A315','c5388dbb-e8d0-4fab-85ed-6351baffb8d0','BRW-000646','CHONGFEN',6.0000,'PRS',6.0000,6.0000,'PRS','Import Excel'),(340,'REJ-6800A315','7584f8c1-317d-413d-8894-039e2195e171','BRW-000674','HAM BABI CRISPY',0.1000,'KG',0.1000,0.1000,'KG','Import Excel'),(341,'REJ-6800A315','f41eac34-2945-454a-9d9a-53d04cf8024a','BRW-000552','JAMUR TIRAM',0.0800,'KG',0.0800,0.0800,'KG','Import Excel'),(342,'REJ-6800A315','9abf87d4-3139-4bef-b6de-ff1ef5ea71e9','BRW-000680','KUE LOBAK BABI',0.4000,'BTG',0.4000,0.4000,'BTG','Import Excel'),(343,'REJ-6800A315','669c704c-fed0-4159-9cf5-de460e7a1930','BRW-000614','LETTUCE',0.6940,'KG',0.6940,0.6940,'KG','Import Excel'),(344,'REJ-6800A315','3ee3bef3-bcdf-4d00-aee6-c640b6baac27','ADD-000007','LETTUCE (WASTE)',0.5480,'KG',0.5480,0.5480,'KG','Import Excel'),(345,'REJ-6800A315','58830545-9cfd-44cd-a18b-93a4ed0fd4a7','BRW-000660','MANTAO',9.0000,'PCS',9.0000,9.0000,'PCS','Import Excel'),(346,'REJ-6800A315','bba77269-967e-4ef4-abae-da4a1b87aef1','BRW-003623','ONDE-ONDE WIJEN',2.0000,'PRS',2.0000,2.0000,'PRS','Import Excel'),(347,'REJ-6800A315','ed790018-2fb1-47b6-8056-a575940f2008','BRW-004907','SHANGHAI FRIED BUNS',1.0000,'PRS',1.0000,1.0000,'PRS','Import Excel'),(348,'REJ-79C3E6C9','98e9849c-a23d-4be4-8d75-db8c33df94d9','BRW-000638','BAKPAO AYAM WH',4.0000,'PCS',4.0000,4.0000,'PCS','Import Excel'),(349,'REJ-79C3E6C9','b244afd8-5df2-4077-b681-ff03835d304a','BRW-004362','BAKPAO COKELAT',1.0000,'PCS',1.0000,1.0000,'PCS','Import Excel'),(350,'REJ-79C3E6C9','5b73c10a-11d7-4c3e-911b-fd1b8d7a6043','BRW-000641','BAKPAO TELUR ASIN',13.0000,'PCS',13.0000,13.0000,'PCS','Import Excel'),(351,'REJ-79C3E6C9','184de4f5-eb4d-4d05-96a5-728e37cd0824','ADD-000006','JAMUR TIRAM (WASTE)',0.0870,'KG',0.0870,0.0870,'KG','Import Excel'),(352,'REJ-79C3E6C9','669c704c-fed0-4159-9cf5-de460e7a1930','BRW-000614','LETTUCE',0.4380,'KG',0.4380,0.4380,'KG','Import Excel'),(353,'REJ-79C3E6C9','3ee3bef3-bcdf-4d00-aee6-c640b6baac27','ADD-000007','LETTUCE (WASTE)',0.0580,'KG',0.0580,0.0580,'KG','Import Excel'),(354,'REJ-59F00C4B','cc263a54-f6be-4f1a-9c3e-816573575967','BRW-000640','BAKPAO NAIWONG',1.0000,'PCS',1.0000,1.0000,'PCS','Import Excel'),(355,'REJ-59F00C4B','5b73c10a-11d7-4c3e-911b-fd1b8d7a6043','BRW-000641','BAKPAO TELUR ASIN',9.0000,'PCS',9.0000,9.0000,'PCS','Import Excel'),(356,'REJ-59F00C4B','a76b9e1d-d01f-4758-a9dc-d897a436478e','BRW-000644','CAKUE',0.6000,'PRS',0.6000,0.6000,'PRS','Import Excel'),(357,'REJ-59F00C4B','c5388dbb-e8d0-4fab-85ed-6351baffb8d0','BRW-000646','CHONGFEN',1.0000,'PRS',1.0000,1.0000,'PRS','Import Excel'),(358,'REJ-59F00C4B','232162a3-f009-433b-87af-8627ec67dbb0','ADD-000037','DAUN BAWANG (WASTE)',0.1260,'KG',0.1260,0.1260,'KG','Import Excel'),(359,'REJ-59F00C4B','d41bd091-9603-4ac9-9196-f2c06ae41bf9','BRW-000655','KUOTIE',1.0000,'PRS',1.0000,1.0000,'PRS','Import Excel'),(360,'REJ-59F00C4B','669c704c-fed0-4159-9cf5-de460e7a1930','BRW-000614','LETTUCE',0.4720,'KG',0.4720,0.4720,'KG','Import Excel'),(361,'REJ-59F00C4B','3ee3bef3-bcdf-4d00-aee6-c640b6baac27','ADD-000007','LETTUCE (WASTE)',0.4830,'KG',0.4830,0.4830,'KG','Import Excel'),(362,'REJ-59F00C4B','3218fbc3-c709-4d92-be75-70b608033ad9','ADD-000011','NASI',1.0000,'PRS',1.0000,1.0000,'PRS','Import Excel'),(363,'REJ-59F00C4B','bf9b7d3e-fd6b-4a55-9f9e-44c6ec4af8be','ADD-000035','NASI HAINAM',2.0000,'PRS',2.0000,2.0000,'PRS','Import Excel'),(364,'REJ-59F00C4B','8a256e03-e8c3-47d2-adb7-65dd99f32d0e','BRW-000686','PANGSIT GORENG BABI (PANGSIT BABI)',2.0000,'PRS',2.0000,2.0000,'PRS','Import Excel'),(365,'REJ-59F00C4B','928ec79f-687b-4815-b1bb-512e66bfd9d3','ADD-000001','WANTAN AYAM',1.0000,'PRS',1.0000,1.0000,'PRS','Import Excel'),(366,'REJ-62EB2CF0','5b73c10a-11d7-4c3e-911b-fd1b8d7a6043','BRW-000641','BAKPAO TELUR ASIN',2.0000,'PCS',2.0000,2.0000,'PCS','Import Excel'),(367,'REJ-62EB2CF0','a785101c-cd2a-41ba-b588-4760ac575d65','BRW-000645','CEKER AYAM RASA (KAKI AYAM RASA)',6.0000,'PRS',6.0000,6.0000,'PRS','Import Excel'),(368,'REJ-62EB2CF0','166c6f1a-7bc5-4e07-903b-e78fee88b719','BRW-000591','DAUN BAWANG',0.1590,'KG',0.1590,0.1590,'KG','Import Excel'),(369,'REJ-62EB2CF0','e1d4e34a-e46e-41b0-9791-be083d90f2a9','BRW-004888','GABIN UBI KUNING',1.0000,'Pcs',1.0000,1.0000,'Pcs','Import Excel'),(370,'REJ-62EB2CF0','fa075808-9683-4c1d-ba18-7d0313c1f6d1','BRW-000647','HAKAU',0.6667,'PRS',0.6667,0.6667,'PRS','Import Excel'),(371,'REJ-62EB2CF0','b4e8e508-6a70-4687-ac71-92cb7d9b7266','ADD-000005','JAMUR ENOKI (WASTE)',0.1500,'PAC',0.1500,0.1500,'PAC','Import Excel'),(372,'REJ-62EB2CF0','003acfa0-aa9b-47ba-a95b-ba56d02e7d46','BRW-000704','KERUPUK PANGSIT GORENG',0.1180,'KG',0.1180,0.1180,'KG','Import Excel'),(373,'REJ-62EB2CF0','b0795dd7-c5c1-4588-8ba8-09ce58a4a14f','BRW-000685','LUMPIA STEAM BABI',1.0000,'PRS',1.0000,1.0000,'PRS','Import Excel'),(374,'REJ-62EB2CF0','a0d05936-be41-43d3-b745-c404baeb16a2','BRW-003621','TELUR KECAP',0.5000,'PRS',0.5000,0.5000,'PRS','Import Excel'),(375,'REJ-ECEAE660','8b2d34c1-d1ee-4f0a-a247-0f30d5e30146','BRW-003614','CHASIU KOMBINASI',1.0000,'PRS',1.0000,1.0000,'PRS','Import Excel'),(376,'REJ-ECEAE660','184de4f5-eb4d-4d05-96a5-728e37cd0824','ADD-000006','JAMUR TIRAM (WASTE)',0.0320,'KG',0.0320,0.0320,'KG','Import Excel'),(377,'REJ-ECEAE660','51ce1872-1fe0-4312-8215-2613f1cddb3b','BRW-000670','SIOMAI AYAM',1.0000,'PRS',1.0000,1.0000,'PRS','Import Excel'),(378,'REJ-F3000FBF','7058454f-a118-4b6f-a56d-d88bad2f8e1d','BRW-000677','BAKSO BABI',1.0000,'PRS',1.0000,1.0000,'PRS','Import Excel'),(379,'REJ-F3000FBF','b4e8e508-6a70-4687-ac71-92cb7d9b7266','ADD-000005','JAMUR ENOKI (WASTE)',0.3800,'PAC',0.3800,0.3800,'PAC','Import Excel'),(380,'REJ-F3000FBF','184de4f5-eb4d-4d05-96a5-728e37cd0824','ADD-000006','JAMUR TIRAM (WASTE)',0.1290,'KG',0.1290,0.1290,'KG','Import Excel'),(381,'REJ-F3000FBF','42c88711-cf1a-4632-8525-25ea1e67d810','ADD-000013','KUAH KALDU (ADA RASA)',2.0000,'KG',2.0000,2.0000,'KG','Import Excel'),(382,'REJ-F3000FBF','669c704c-fed0-4159-9cf5-de460e7a1930','BRW-000614','LETTUCE',0.2580,'KG',0.2580,0.2580,'KG','Import Excel'),(383,'REJ-F3000FBF','3ee3bef3-bcdf-4d00-aee6-c640b6baac27','ADD-000007','LETTUCE (WASTE)',0.4220,'KG',0.4220,0.4220,'KG','Import Excel'),(384,'REJ-F3000FBF','afe6248b-5f02-4581-98c4-0cbefd6d31c1','BRW-000672','TEPUNG CHUIJIONG',0.6110,'KG',0.6110,0.6110,'KG','Import Excel'),(385,'REJ-F3000FBF','6dc76a1e-e2f0-4da5-8b77-c193284c50c5','ADD-000004','WANTAN BABI',1.0000,'PRS',1.0000,1.0000,'PRS','Import Excel'),(386,'REJ-27EA2715','a12b0cd5-5de8-4cd2-8367-abc7d0744c73','BRW-000633','AIR GULA',0.3760,'KG',0.3760,0.3760,'KG','Import Excel'),(387,'REJ-27EA2715','e1d4e34a-e46e-41b0-9791-be083d90f2a9','BRW-004888','GABIN UBI KUNING',1.0000,'Pcs',1.0000,1.0000,'Pcs','Import Excel'),(388,'REJ-27EA2715','fa075808-9683-4c1d-ba18-7d0313c1f6d1','BRW-000647','HAKAU',0.3333,'PRS',0.3333,0.3333,'PRS','Import Excel'),(389,'REJ-27EA2715','a2bcf6b8-c37c-40d3-8016-ffb40491eecf','BRW-000988','HAM SOUP',0.1000,'KG',0.1000,0.1000,'KG','Import Excel'),(390,'REJ-27EA2715','003acfa0-aa9b-47ba-a95b-ba56d02e7d46','BRW-000704','KERUPUK PANGSIT GORENG',0.4980,'KG',0.4980,0.4980,'KG','Import Excel'),(391,'REJ-27EA2715','42c88711-cf1a-4632-8525-25ea1e67d810','ADD-000013','KUAH KALDU (ADA RASA)',6.3760,'KG',6.3760,6.3760,'KG','Import Excel'),(392,'REJ-27EA2715','669c704c-fed0-4159-9cf5-de460e7a1930','BRW-000614','LETTUCE',0.5100,'KG',0.5100,0.5100,'KG','Import Excel'),(393,'REJ-27EA2715','3ee3bef3-bcdf-4d00-aee6-c640b6baac27','ADD-000007','LETTUCE (WASTE)',0.2570,'KG',0.2570,0.2570,'KG','Import Excel'),(394,'REJ-27EA2715','4aadc9e9-4276-40f2-bd4b-b84e7215654a','BRW-000658','LUMPIA KULIT TAHU AYAM',0.6667,'PRS',0.6667,0.6667,'PRS','Import Excel'),(395,'REJ-27EA2715','6c5eef01-1145-47e5-96b5-28c8e523a9ee','BRW-000705','TELUR PITAN',1.0000,'PCS',1.0000,1.0000,'PCS','Import Excel'),(396,'REJ-9B29246E','232162a3-f009-433b-87af-8627ec67dbb0','ADD-000037','DAUN BAWANG (WASTE)',0.0800,'KG',0.0800,0.0800,'KG','Import Excel'),(397,'REJ-9B29246E','b4e8e508-6a70-4687-ac71-92cb7d9b7266','ADD-000005','JAMUR ENOKI (WASTE)',0.1800,'PAC',0.1800,0.1800,'PAC','Import Excel'),(398,'REJ-9B29246E','669c704c-fed0-4159-9cf5-de460e7a1930','BRW-000614','LETTUCE',0.3010,'KG',0.3010,0.3010,'KG','Import Excel'),(399,'REJ-9B29246E','3ee3bef3-bcdf-4d00-aee6-c640b6baac27','ADD-000007','LETTUCE (WASTE)',0.1540,'KG',0.1540,0.1540,'KG','Import Excel'),(400,'REJ-9B29246E','b674ad99-9be7-4968-92c5-43ea99dc6250','BRW-000661','MIE KECIL',1.0000,'PRS',1.0000,1.0000,'PRS','Import Excel'),(401,'REJ-9B29246E','68bd4022-47fb-4819-9503-c0e7d4134ac0','BRW-003622','ONDE-ONDE KACANG HIJAU',1.0000,'PRS',1.0000,1.0000,'PRS','Import Excel'),(402,'REJ-9B29246E','625a3cf3-a116-4b48-bf2a-8a5d491f071d','BRW-004984','SAUCE MALA',0.1493,'PAC',0.1493,0.1493,'PAC','Import Excel'),(403,'REJ-9B29246E','6ea18cd0-4673-4b73-baed-4e236cc89b11','BRW-000687','SIOMAI BABI',1.0000,'PRS',1.0000,1.0000,'PRS','Import Excel'),(404,'REJ-9B29246E','6dc76a1e-e2f0-4da5-8b77-c193284c50c5','ADD-000004','WANTAN BABI',1.0000,'PRS',1.0000,1.0000,'PRS','Import Excel'),(405,'REJ-ED3364A2','232162a3-f009-433b-87af-8627ec67dbb0','ADD-000037','DAUN BAWANG (WASTE)',0.1630,'KG',0.1630,0.1630,'KG','Import Excel'),(406,'REJ-ED3364A2','b4e8e508-6a70-4687-ac71-92cb7d9b7266','ADD-000005','JAMUR ENOKI (WASTE)',0.3600,'PAC',0.3600,0.3600,'PAC','Import Excel'),(407,'REJ-ED3364A2','669c704c-fed0-4159-9cf5-de460e7a1930','BRW-000614','LETTUCE',0.7400,'KG',0.7400,0.7400,'KG','Import Excel'),(408,'REJ-ED3364A2','3ee3bef3-bcdf-4d00-aee6-c640b6baac27','ADD-000007','LETTUCE (WASTE)',0.8860,'KG',0.8860,0.8860,'KG','Import Excel'),(409,'REJ-ED3364A2','68bd4022-47fb-4819-9503-c0e7d4134ac0','BRW-003622','ONDE-ONDE KACANG HIJAU',18.0000,'PRS',18.0000,18.0000,'PRS','Import Excel'),(410,'REJ-7CE4FE50','fa075808-9683-4c1d-ba18-7d0313c1f6d1','BRW-000647','HAKAU',1.0000,'PRS',1.0000,1.0000,'PRS','Import Excel'),(411,'REJ-7CE4FE50','f41eac34-2945-454a-9d9a-53d04cf8024a','BRW-000552','JAMUR TIRAM',0.1600,'KG',0.1600,0.1600,'KG','Import Excel'),(412,'REJ-7CE4FE50','4e736afe-5261-4607-b9c4-7e8504a23d06','BRW-000681','KULIT PANGSIT REBUS BABI',0.0010,'KG',0.0010,0.0010,'KG','Import Excel'),(413,'REJ-7CE4FE50','669c704c-fed0-4159-9cf5-de460e7a1930','BRW-000614','LETTUCE',0.8710,'KG',0.8710,0.8710,'KG','Import Excel'),(414,'REJ-7CE4FE50','3ee3bef3-bcdf-4d00-aee6-c640b6baac27','ADD-000007','LETTUCE (WASTE)',0.3720,'KG',0.3720,0.3720,'KG','Import Excel'),(415,'REJ-7CE4FE50','58830545-9cfd-44cd-a18b-93a4ed0fd4a7','BRW-000660','MANTAO',2.0000,'PCS',2.0000,2.0000,'PCS','Import Excel'),(416,'REJ-7CE4FE50','fa87ea44-4234-45a6-a191-64c9c5bcc815','BRW-003208','MAX TEA TEA TARIK @25GR',1.0000,'SCT',1.0000,1.0000,'SCT','Import Excel'),(417,'REJ-7CE4FE50','b674ad99-9be7-4968-92c5-43ea99dc6250','BRW-000661','MIE KECIL',1.0000,'PRS',1.0000,1.0000,'PRS','Import Excel'),(418,'REJ-7CE4FE50','3218fbc3-c709-4d92-be75-70b608033ad9','ADD-000011','NASI',3.0000,'PRS',3.0000,3.0000,'PRS','Import Excel'),(419,'REJ-7CE4FE50','6ea18cd0-4673-4b73-baed-4e236cc89b11','BRW-000687','SIOMAI BABI',1.0000,'PRS',1.0000,1.0000,'PRS','Import Excel'),(420,'REJ-111406','b4e8e508-6a70-4687-ac71-92cb7d9b7266','ADD-000005','JAMUR ENOKI (WASTE)',0.3400,'PAC',0.3400,34.0000,'GR','BONGGOL'),(421,'REJ-111406','3ee3bef3-bcdf-4d00-aee6-c640b6baac27','ADD-000007','LETTUCE (WASTE)',0.5000,'KG',0.5000,500.0000,'GR','BONGGOL'),(422,'REJ-111406','58830545-9cfd-44cd-a18b-93a4ed0fd4a7','BRW-000660','MANTAO',2.0000,'PCS',2.0000,2.0000,'PCS','RUSAK'),(423,'REJ-111406','a785101c-cd2a-41ba-b588-4760ac575d65','BRW-000645','CEKER AYAM RASA (KAKI AYAM RASA)',1.0000,'PRS',1.0000,1.0000,'PRS','BASI'),(424,'REJ-111406','c9cd5374-c9b3-43fa-855b-377404c4956a','BRW-004909','BOLO BUN',1.0000,'PCS',1.0000,1.0000,'PCS','GOSONG'),(425,'REJ-111406','5b73c10a-11d7-4c3e-911b-fd1b8d7a6043','BRW-000641','BAKPAO TELUR ASIN',1.0000,'PCS',1.0000,1.0000,'PCS','GOSONG'),(426,'REJ-111406','a785101c-cd2a-41ba-b588-4760ac575d65','BRW-000645','CEKER AYAM RASA (KAKI AYAM RASA)',1.0000,'PRS',1.0000,1.0000,'PRS','RUSAK'),(427,'REJ-111406','a0d05936-be41-43d3-b745-c404baeb16a2','BRW-003621','TELUR KECAP',5.0000,'PRS',5.0000,5.0000,'PRS','BERLENDIR'),(428,'REJ-111406','4aadc9e9-4276-40f2-bd4b-b84e7215654a','BRW-000658','LUMPIA KULIT TAHU AYAM',0.3333,'PRS',0.3333,1.0000,'PCS','RUSAK'),(429,'REJ-111406','b244afd8-5df2-4077-b681-ff03835d304a','BRW-004362','BAKPAO COKELAT',1.0000,'PCS',1.0000,1.0000,'PCS','RUSAK'),(430,'REJ-111406','3ee3bef3-bcdf-4d00-aee6-c640b6baac27','ADD-000007','LETTUCE (WASTE)',0.2910,'KG',0.2910,291.0000,'GR','BONGGOL'),(431,'REJ-111406','166c6f1a-7bc5-4e07-903b-e78fee88b719','BRW-000591','DAUN BAWANG',0.4760,'KG',0.4760,476.0000,'GR','BUSUK'),(432,'REJ-111406','669c704c-fed0-4159-9cf5-de460e7a1930','BRW-000614','LETTUCE',0.1670,'KG',0.1670,167.0000,'GRM','BUSUK'),(433,'REJ-739241','5b73c10a-11d7-4c3e-911b-fd1b8d7a6043','BRW-000641','BAKPAO TELUR ASIN',1.0000,'PCS',1.0000,1.0000,'PCS','GOSONG'),(434,'REJ-739241','b2c1332a-e6c6-457e-8d6a-bac122438cba','BRW-000654','KULIT PANGSIT REBUS AYAM',0.2950,'KG',0.2950,295.0000,'GR','BASAH'),(435,'REJ-739241','3ee3bef3-bcdf-4d00-aee6-c640b6baac27','ADD-000007','LETTUCE (WASTE)',0.1390,'KG',0.1390,139.0000,'GR','BONGGO'),(436,'REJ-739241','184de4f5-eb4d-4d05-96a5-728e37cd0824','ADD-000006','JAMUR TIRAM (WASTE)',0.0250,'KG',0.0250,25.0000,'GR','BONGGOL'),(437,'REJ-739241','184de4f5-eb4d-4d05-96a5-728e37cd0824','ADD-000006','JAMUR TIRAM (WASTE)',0.3000,'KG',0.3000,300.0000,'GR','BONGOL'),(438,'REJ-739241','669c704c-fed0-4159-9cf5-de460e7a1930','BRW-000614','LETTUCE',0.2690,'KG',0.2690,269.0000,'GRM','BUSUK'),(439,'REJ-739241','b4e8e508-6a70-4687-ac71-92cb7d9b7266','ADD-000005','JAMUR ENOKI (WASTE)',0.3200,'PAC',0.3200,32.0000,'GR','BONGGOL'),(440,'REJ-739241','669c704c-fed0-4159-9cf5-de460e7a1930','BRW-000614','LETTUCE',0.3510,'KG',0.3510,351.0000,'GRM','BUSUK'),(441,'REJ-739241','3ee3bef3-bcdf-4d00-aee6-c640b6baac27','ADD-000007','LETTUCE (WASTE)',0.0650,'KG',0.0650,65.0000,'GR','BONGGOL'),(442,'REJ-739241','669c704c-fed0-4159-9cf5-de460e7a1930','BRW-000614','LETTUCE',0.1820,'KG',0.1820,182.0000,'GRM','TUA'),(443,'REJ-790722','5b73c10a-11d7-4c3e-911b-fd1b8d7a6043','BRW-000641','BAKPAO TELUR ASIN',1.0000,'PCS',1.0000,1.0000,'PCS','GOSONG'),(444,'REJ-790722','a2bcf6b8-c37c-40d3-8016-ffb40491eecf','BRW-000988','HAM SOUP',0.1000,'KG',0.1000,1.0000,'PRS','BASI'),(445,'REJ-790722','3ee3bef3-bcdf-4d00-aee6-c640b6baac27','ADD-000007','LETTUCE (WASTE)',0.3090,'KG',0.3090,309.0000,'GR','BONGGOL'),(446,'REJ-790722','b4e8e508-6a70-4687-ac71-92cb7d9b7266','ADD-000005','JAMUR ENOKI (WASTE)',0.1500,'PAC',0.1500,15.0000,'GR','BONGGO'),(447,'REJ-790722','5b73c10a-11d7-4c3e-911b-fd1b8d7a6043','BRW-000641','BAKPAO TELUR ASIN',1.0000,'PCS',1.0000,1.0000,'PCS','BASAH'),(448,'REJ-805092','4aadc9e9-4276-40f2-bd4b-b84e7215654a','BRW-000658','LUMPIA KULIT TAHU AYAM',1.0000,'PRS',1.0000,1.0000,'PRS','BASI'),(449,'REJ-805092','68bd4022-47fb-4819-9503-c0e7d4134ac0','BRW-003622','ONDE-ONDE KACANG HIJAU',1.0000,'PRS',1.0000,1.0000,'PRS','KOMPLAIN CS'),(450,'REJ-805092','f41eac34-2945-454a-9d9a-53d04cf8024a','BRW-000552','JAMUR TIRAM',0.7500,'KG',0.7500,0.7500,'KG','BAU'),(451,'REJ-805092','3ee3bef3-bcdf-4d00-aee6-c640b6baac27','ADD-000007','LETTUCE (WASTE)',0.3250,'KG',0.3250,325.0000,'GR','BONGGOL'),(452,'REJ-805092','669c704c-fed0-4159-9cf5-de460e7a1930','BRW-000614','LETTUCE',0.5340,'KG',0.5340,534.0000,'GRM','BUSUK'),(453,'REJ-805092','669c704c-fed0-4159-9cf5-de460e7a1930','BRW-000614','LETTUCE',0.3600,'KG',0.3600,2.0000,'PRS','BUSUK'),(454,'REJ-805092','a785101c-cd2a-41ba-b588-4760ac575d65','BRW-000645','CEKER AYAM RASA (KAKI AYAM RASA)',2.0000,'PRS',2.0000,2.0000,'PRS','RUSAK'),(455,'REJ-902627','2d7d552e-6324-4a51-8d75-413ce750cf6f','BRW-000595','DAUN PANDAN',0.1160,'KG',0.1160,116.0000,'GR','LAYU'),(456,'REJ-902627','0681981c-fd30-4efd-82e6-1a676b81bcdf','BRW-000623','SEREH',0.0680,'KG',0.0680,68.0000,'GR','LAYU'),(457,'REJ-902627','3ee3bef3-bcdf-4d00-aee6-c640b6baac27','ADD-000007','LETTUCE (WASTE)',0.4560,'KG',0.4560,456.0000,'GR','BONGGOL'),(458,'REJ-902627','3ee3bef3-bcdf-4d00-aee6-c640b6baac27','ADD-000007','LETTUCE (WASTE)',0.4900,'KG',0.4900,490.0000,'GR','BUSUK'),(459,'REJ-902627','fa075808-9683-4c1d-ba18-7d0313c1f6d1','BRW-000647','HAKAU',0.3333,'PRS',0.3333,1.0000,'PCS','RUSAK'),(460,'REJ-902627','58830545-9cfd-44cd-a18b-93a4ed0fd4a7','BRW-000660','MANTAO',3.0000,'PCS',3.0000,3.0000,'PCS','RUSAK'),(461,'REJ-902627','b4e8e508-6a70-4687-ac71-92cb7d9b7266','ADD-000005','JAMUR ENOKI (WASTE)',0.5300,'PAC',0.5300,53.0000,'GR','BONGGOL'),(462,'REJ-902627','b2c1332a-e6c6-457e-8d6a-bac122438cba','BRW-000654','KULIT PANGSIT REBUS AYAM',0.1210,'KG',0.1210,121.0000,'GR','KERING'),(463,'REJ-902627','46cf3c7f-6d16-400d-a031-f1a99c87885d','BRW-003620','CEKER BEBEK KECAP',0.6667,'PRS',0.6667,4.0000,'PCS','BASI'),(464,'REJ-902627','c4936c7b-65ec-4223-aa2b-c3dbc7be3871','BRW-003618','LIDAH BEBEK KECAP',2.0000,'PRS',2.0000,2.0000,'PRS','BASI'),(465,'REJ-902627','23975ee0-b2c3-4b70-921e-3b583c9adc45','BRW-004273','SAYAP BEBEK',0.5000,'PRS',0.5000,3.0000,'PCS','BASI'),(466,'REJ-902627','87bf0fd5-73c2-481c-8c67-bf599902f1bb','BRW-003619','CEKER AYAM KECAP',0.8333,'PRS',0.8333,5.0000,'PCS','BASI'),(467,'REJ-902627','fa075808-9683-4c1d-ba18-7d0313c1f6d1','BRW-000647','HAKAU',1.0000,'PRS',1.0000,1.0000,'PRS','RUSAK'),(468,'REJ-902627','5b73c10a-11d7-4c3e-911b-fd1b8d7a6043','BRW-000641','BAKPAO TELUR ASIN',2.0000,'PCS',2.0000,2.0000,'PCS','GOSONG'),(469,'REJ-902627','c9cd5374-c9b3-43fa-855b-377404c4956a','BRW-004909','BOLO BUN',1.0000,'PCS',1.0000,1.0000,'PCS','RUSAK'),(470,'REJ-902627','232162a3-f009-433b-87af-8627ec67dbb0','ADD-000037','DAUN BAWANG (WASTE)',0.2450,'KG',0.2450,245.0000,'GR','BONGGOL'),(471,'REJ-902627','166c6f1a-7bc5-4e07-903b-e78fee88b719','BRW-000591','DAUN BAWANG',0.0800,'KG',0.0800,80.0000,'GR','BUSUK'),(472,'REJ-902627','3ee3bef3-bcdf-4d00-aee6-c640b6baac27','ADD-000007','LETTUCE (WASTE)',0.1160,'KG',0.1160,116.0000,'GR','BONGGOL'),(473,'REJ-066727','a12b0cd5-5de8-4cd2-8367-abc7d0744c73','BRW-000633','AIR GULA',0.2290,'KG',0.2290,229.0000,'GR','mengkristal'),(474,'REJ-066727','5b73c10a-11d7-4c3e-911b-fd1b8d7a6043','BRW-000641','BAKPAO TELUR ASIN',2.0000,'PCS',2.0000,2.0000,'PCS','rusak'),(475,'REJ-066727','58830545-9cfd-44cd-a18b-93a4ed0fd4a7','BRW-000660','MANTAO',1.0000,'PCS',1.0000,1.0000,'PCS','rusak'),(476,'REJ-066727','669c704c-fed0-4159-9cf5-de460e7a1930','BRW-000614','LETTUCE',0.1720,'KG',0.1720,172.0000,'GRM','busuk'),(477,'REJ-066727','3ee3bef3-bcdf-4d00-aee6-c640b6baac27','ADD-000007','LETTUCE (WASTE)',0.2820,'KG',0.2820,282.0000,'GR','bonggol'),(478,'REJ-066727','a785101c-cd2a-41ba-b588-4760ac575d65','BRW-000645','CEKER AYAM RASA (KAKI AYAM RASA)',1.0000,'PRS',1.0000,1.0000,'PRS','basi'),(479,'REJ-066727','b4e8e508-6a70-4687-ac71-92cb7d9b7266','ADD-000005','JAMUR ENOKI (WASTE)',0.3600,'PAC',0.3600,36.0000,'GR','bonggol'),(480,'REJ-621691','4aadc9e9-4276-40f2-bd4b-b84e7215654a','BRW-000658','LUMPIA KULIT TAHU AYAM',1.0000,'PRS',1.0000,1.0000,'PRS','BASI'),(481,'REJ-621691','58830545-9cfd-44cd-a18b-93a4ed0fd4a7','BRW-000660','MANTAO',2.0000,'PCS',2.0000,2.0000,'PCS','RUSAK'),(482,'REJ-621691','5b73c10a-11d7-4c3e-911b-fd1b8d7a6043','BRW-000641','BAKPAO TELUR ASIN',1.0000,'PCS',1.0000,1.0000,'PCS','RUSAK'),(483,'REJ-621691','cc263a54-f6be-4f1a-9c3e-816573575967','BRW-000640','BAKPAO NAIWONG',1.0000,'PCS',1.0000,1.0000,'PCS','RUSAK'),(484,'REJ-621691','669c704c-fed0-4159-9cf5-de460e7a1930','BRW-000614','LETTUCE',0.4510,'KG',0.4510,451.0000,'GRM','BUSUK'),(485,'REJ-621691','3ee3bef3-bcdf-4d00-aee6-c640b6baac27','ADD-000007','LETTUCE (WASTE)',0.2110,'KG',0.2110,211.0000,'GR','BONGGOL'),(486,'REJ-621691','b4e8e508-6a70-4687-ac71-92cb7d9b7266','ADD-000005','JAMUR ENOKI (WASTE)',0.3200,'PAC',0.3200,32.0000,'GR','BONGGOL'),(487,'REJ-621691','3ee3bef3-bcdf-4d00-aee6-c640b6baac27','ADD-000007','LETTUCE (WASTE)',0.3580,'KG',0.3580,358.0000,'GR','BONGGOL'),(488,'REJ-621691','232162a3-f009-433b-87af-8627ec67dbb0','ADD-000037','DAUN BAWANG (WASTE)',0.0840,'KG',0.0840,84.0000,'GR','BONGGOL'),(489,'REJ-621691','669c704c-fed0-4159-9cf5-de460e7a1930','BRW-000614','LETTUCE',0.2270,'KG',0.2270,227.0000,'GRM','LAYU'),(490,'REJ-621691','5b73c10a-11d7-4c3e-911b-fd1b8d7a6043','BRW-000641','BAKPAO TELUR ASIN',1.0000,'PCS',1.0000,1.0000,'PCS','BASAH'),(491,'REJ-621691','fa075808-9683-4c1d-ba18-7d0313c1f6d1','BRW-000647','HAKAU',0.6667,'PRS',0.6667,2.0000,'PCS','RUSAK'),(492,'REJ-938519','a785101c-cd2a-41ba-b588-4760ac575d65','BRW-000645','CEKER AYAM RASA (KAKI AYAM RASA)',2.0000,'PRS',2.0000,2.0000,'PRS','RUSAK'),(493,'REJ-938519','3ee3bef3-bcdf-4d00-aee6-c640b6baac27','ADD-000007','LETTUCE (WASTE)',0.2860,'KG',0.2860,286.0000,'GR','BONGGOL'),(494,'REJ-938519','b674ad99-9be7-4968-92c5-43ea99dc6250','BRW-000661','MIE KECIL',1.0000,'PRS',1.0000,1.0000,'PRS','KOMPLAIN CS'),(495,'REJ-938519','38035db7-6992-4311-8357-5325b61a8df4','BRW-000659','LUMPIA STEAM AYAM',1.0000,'PRS',1.0000,1.0000,'PRS','KOMLPAIN CS');
/*!40000 ALTER TABLE `reject_items` ENABLE KEYS */;
UNLOCK TABLES;

--
-- Table structure for table `reject_master_items`
--

DROP TABLE IF EXISTS `reject_master_items`;
/*!40101 SET @saved_cs_client     = @@character_set_client */;
/*!50503 SET character_set_client = utf8mb4 */;
CREATE TABLE `reject_master_items` (
  `id` char(36) NOT NULL,
  `code` varchar(50) NOT NULL,
  `name` varchar(150) NOT NULL,
  `category` varchar(50) DEFAULT NULL,
  `base_unit` varchar(20) NOT NULL,
  `created_at` timestamp NULL DEFAULT CURRENT_TIMESTAMP,
  `is_active` tinyint(1) NOT NULL DEFAULT '1',
  PRIMARY KEY (`id`),
  UNIQUE KEY `code` (`code`)
) ENGINE=InnoDB DEFAULT CHARSET=utf8mb4 COLLATE=utf8mb4_0900_ai_ci;
/*!40101 SET character_set_client = @saved_cs_client */;

--
-- Dumping data for table `reject_master_items`
--

LOCK TABLES `reject_master_items` WRITE;
/*!40000 ALTER TABLE `reject_master_items` DISABLE KEYS */;
INSERT INTO `reject_master_items` VALUES ('003acfa0-aa9b-47ba-a95b-ba56d02e7d46','BRW-000704','KERUPUK PANGSIT GORENG',NULL,'KG','2026-04-25 03:47:38',1),('018e634b-6106-4e53-becc-2de07c154ca6','BRW-004246','DIAMOND VANILLA SOFT MILK ICE MIX 10L',NULL,'DUS','2026-04-25 03:47:36',1),('021a0dc6-7fed-4fde-a47e-e36d9fa1e939','BRW-004092','FOODSAFE BOX S',NULL,'PAC','2026-04-25 03:47:36',1),('066db968-e263-4f18-b978-7181dabfb34a','BRW-001885','BEBEK PANGGANG 1/4 EKOR',NULL,'PRS','2026-04-25 03:47:34',1),('0681981c-fd30-4efd-82e6-1a676b81bcdf','BRW-000623','SEREH',NULL,'KG','2026-04-25 03:47:43',1),('06ccf015-62a1-4b8a-8f4b-10f5310faff8','BRW-004185','PUDING KOPI',NULL,'PAC','2026-04-25 03:47:42',1),('0875511a-5368-45bc-bcbd-aed365501124','BRW-003708','SAMCAN KECAP',NULL,'PRS','2026-04-25 03:47:42',1),('0a31656f-a844-474e-80a4-543ab57617dd','BRW-004822','SAUCE XO',NULL,'PRS','2026-04-25 03:47:42',1),('0a650f2d-b6ba-45df-9a51-82c80c5c7237','BRW-000118','PAPER CUP 190ML (GELAS KOPI 190ML KERTAS + TUTUP)',NULL,'PCS','2026-04-25 03:47:41',1),('0b694faf-cf9f-4e75-84e2-f6f252dd02c2','BRW-000703','KUE LAPIS HONGKONG',NULL,'PRS','2026-04-25 03:47:38',1),('0ddfbc43-1152-4e03-a1ca-d47f64f0c3f0','BRW-003006','BIR GUINNES KLG 500 ML (24 KLG/DUS)',NULL,'KLG','2026-04-25 03:47:34',1),('10198259-06f7-45c5-a60a-f8384b0a3413','BRW-000682','LOMAIKAI BABI',NULL,'PRS','2026-04-25 03:47:39',1),('11720202-0753-414f-8594-717d4eb7c72e','BRW-000547','CAIPO',NULL,'KG','2026-04-25 03:47:34',1),('11c96a15-280c-44a0-b324-11f1b6cfd276','BRW-000651','ICE COFFEE (NESCAFE ICE)',NULL,'PRS','2026-04-25 03:47:38',1),('13468b47-aaf3-4387-9101-e258ce3adda9','BRW-004159','WONG LO KAT HERBAL LIANG TEH 310 ML',NULL,'KLG','2026-04-25 03:47:44',1),('1456bee8-43c3-4b7e-8289-befbdede01a0','BRW-003530','TOPPING NASI GORENG VEGIE (PORSI)',NULL,'PRS','2026-04-25 03:47:44',1),('15cbc8d7-8ea2-4348-ba6e-8dec5dda70a6','ADD-000014','KUAH KALDU (TANPA RASA)',NULL,'KG','2026-04-25 03:47:45',1),('166c6f1a-7bc5-4e07-903b-e78fee88b719','BRW-000591','DAUN BAWANG',NULL,'KG','2026-04-25 03:47:35',1),('183bfbc1-0954-43d0-82f9-27c279087b7e','BRW-000669','SEASONING MIE',NULL,'KG','2026-04-25 03:47:43',1),('184de4f5-eb4d-4d05-96a5-728e37cd0824','ADD-000006','JAMUR TIRAM (WASTE)',NULL,'KG','2026-04-25 03:47:44',1),('18cb0f79-af53-4889-b273-17b63e678f10','BRW-000600','JAHE',NULL,'KG','2026-04-25 03:47:38',1),('1a176bbc-c039-4a21-a7ff-2e6762fcb24b','BRW-000662','MIE LEBAR',NULL,'PRS','2026-04-25 03:47:40',1),('1a18b5f6-dcf3-4d38-9699-3d1a5ddae068','BRW-004186','PUDING ALMOND',NULL,'PAC','2026-04-25 03:47:42',1),('1cecdb11-7640-4df0-82ed-cd31072582d5','BRW-000093','BIR GUINESS 620ML',NULL,'BTL','2026-04-25 03:47:34',1),('1d20b7cc-04e0-4321-a18d-21d4e78b9c60','BRW-004093','FOODSAFE BOX M',NULL,'PAC','2026-04-25 03:47:36',1),('1e7a7c2b-ae71-4e53-97ee-c3ed33bd84e3','BRW-000679','HAM SIOMAI BABI',NULL,'KG','2026-04-25 03:47:37',1),('22386370-7873-454a-9f5e-feb514188e7d','BRW-000668','SAUCE WINGHENG',NULL,'KG','2026-04-25 03:47:42',1),('232162a3-f009-433b-87af-8627ec67dbb0','ADD-000037','DAUN BAWANG (WASTE)',NULL,'KG','2026-04-25 03:47:44',1),('23422b53-045d-4fd4-9b9f-7b7a415f5eda','BRW-000630','WORTEL',NULL,'KG','2026-04-25 03:47:44',1),('23975ee0-b2c3-4b70-921e-3b583c9adc45','BRW-004273','SAYAP BEBEK',NULL,'PRS','2026-04-25 03:47:42',1),('276b880e-e5fb-4dcf-be8c-dde631556dbe','BRW-004239','DIAMOND CUP CONE ( 1 DUS = 300 PCS )',NULL,'PCS','2026-04-25 03:47:36',1),('2b452f3a-65bf-44c3-8fca-64dd8925c049','BRW-003617','BEBEK KECAP 1/4 EKOR',NULL,'PRS','2026-04-25 03:47:34',1),('2d7d552e-6324-4a51-8d75-413ce750cf6f','BRW-000595','DAUN PANDAN',NULL,'KG','2026-04-25 03:47:35',1),('2eed1718-e988-4f9b-943f-c9fb231370cb','BRW-000100','FOODPACK S TOMAT',NULL,'PAC','2026-04-25 03:47:36',1),('3218fbc3-c709-4d92-be75-70b608033ad9','ADD-000011','NASI',NULL,'PRS','2026-04-25 03:47:44',1),('33f62a31-44da-4095-b367-69566b8e72fe','BRW-000943','MINYAK GORENG BIMOLI BIB 18 LTR',NULL,'DUS','2026-04-25 03:47:40',1),('34480988-daa9-4772-95bb-f1a4f0887143','BRW-004908','CHONGFEN MALA',NULL,'PRS','2026-04-25 03:47:35',1),('3516952e-be36-4627-94a9-46e39b824512','ADD-000019','HAKAU (JADI HAM) 25GR/PCS',NULL,'KG','2026-04-25 03:47:45',1),('352b1e97-22fa-4605-ad47-dde19f81811a','BRW-003625','PAHA AYAM PISTOL (PORSI)',NULL,'PRS','2026-04-25 03:47:41',1),('3602d376-31a1-48ae-b758-6dc3c1dc7797','BRW-000089','BIR BINTANG PILSENER',NULL,'BTL','2026-04-25 03:47:34',1),('38035db7-6992-4311-8357-5325b61a8df4','BRW-000659','LUMPIA STEAM AYAM',NULL,'PRS','2026-04-25 03:47:40',1),('3bdf86f5-2a81-46cd-863f-d15e79a9a487','BRW-000673','HAM BABI CINCANG (TOPING MIE BABI)',NULL,'KG','2026-04-25 03:47:37',1),('3cbe4cc4-964f-40ac-b244-bf1c066feda2','BRW-002936','MAX TEA LEMON @25 GR',NULL,'SCT','2026-04-25 03:47:40',1),('3ee3bef3-bcdf-4d00-aee6-c640b6baac27','ADD-000007','LETTUCE (WASTE)',NULL,'KG','2026-04-25 03:47:44',1),('4041d471-95d1-44ae-9a4c-303788a1131c','BRW-004004','TEPUNG CHONGFEN',NULL,'SET','2026-04-25 03:47:43',1),('42c88711-cf1a-4632-8525-25ea1e67d810','ADD-000013','KUAH KALDU (ADA RASA)',NULL,'KG','2026-04-25 03:47:45',1),('4431f1e8-1b16-496f-9b6c-53c58b4079ea','BRW-000551','JAMUR ENOKI',NULL,'PAC','2026-04-25 03:47:38',1),('443e9d97-5baf-4b69-b9b9-c68bd685a77f','BRW-004200','LYCHEE BUAH KALENG 567 GR ( 1 DUS = 12 KLG )',NULL,'KLG','2026-04-25 03:47:40',1),('4458be79-8647-4ab1-b793-8fb8e9b07e8d','BRW-000099','FOODPACK M TOMAT',NULL,'PAC','2026-04-25 03:47:36',1),('447d581a-357a-4cfb-bbd6-d33ab6241235','BRW-000688','TAHU ISI BABI',NULL,'PRS','2026-04-25 03:47:43',1),('45093020-fbdd-4f6c-8403-273b6183e4f4','ADD-000003','SOUP TELUR AYAM',NULL,'PRS','2026-04-25 03:47:45',1),('46cf3c7f-6d16-400d-a031-f1a99c87885d','BRW-003620','CEKER BEBEK KECAP',NULL,'PRS','2026-04-25 03:47:35',1),('4940efab-a72c-422e-bc6d-585db2f8fa38','BRW-004887','GABIN UBI UNGU',NULL,'PCS','2026-04-25 03:47:37',1),('49626b01-16e9-434c-9d68-6d4805f847b5','BRW-000642','BAKSO AYAM',NULL,'PRS','2026-04-25 03:47:33',1),('4a53ca84-e008-4c8c-8b02-98f22ceb65a4','BRW-000643','BBC AYAM',NULL,'PCS','2026-04-25 03:47:33',1),('4aadc9e9-4276-40f2-bd4b-b84e7215654a','BRW-000658','LUMPIA KULIT TAHU AYAM',NULL,'PRS','2026-04-25 03:47:39',1),('4bd0acba-7d8b-4a31-9d84-2c5793b0a97f','BRW-002892','RASA BERAS',NULL,'PAC','2026-04-25 03:47:44',1),('4c62b5d8-0658-4218-9266-2553070da441','BRW-000088','AIR MINERAL NESTLE 600ML',NULL,'BTL','2026-04-25 03:47:31',1),('4cbcfa90-aba1-43f1-96de-be74477315b6','BRW-002362','KIM BAO YIN',NULL,'PRS','2026-04-25 03:47:38',1),('4e1ec337-a783-41f4-8652-d7b866b2661c','BRW-000666','SAUCE DIMSUM',NULL,'KG','2026-04-25 03:47:42',1),('4e736afe-5261-4607-b9c4-7e8504a23d06','BRW-000681','KULIT PANGSIT REBUS BABI',NULL,'KG','2026-04-25 03:47:39',1),('51ce1872-1fe0-4312-8215-2613f1cddb3b','BRW-000670','SIOMAI AYAM',NULL,'PRS','2026-04-25 03:47:43',1),('533b6f49-915d-4514-ba89-c2fe8729631c','BRW-000091','BIR BINTANG RADLER 330ML',NULL,'BTL','2026-04-25 03:47:34',1),('58830545-9cfd-44cd-a18b-93a4ed0fd4a7','BRW-000660','MANTAO',NULL,'PCS','2026-04-25 03:47:40',1),('5b2ed1e0-09a2-4a3b-8bbc-5301de7f4e3e','BRW-004173','MILO 3IN1 ACTIV-GO 34 GR',NULL,'PCS','2026-04-25 03:47:40',1),('5b3cc744-65a8-40c3-b3d1-60b044e7506a','BRW-003616','AYAM PANGGANG 1/2 EKOR',NULL,'PRS','2026-04-25 03:47:32',1),('5b73c10a-11d7-4c3e-911b-fd1b8d7a6043','BRW-000641','BAKPAO TELUR ASIN',NULL,'PCS','2026-04-25 03:47:33',1),('614ceb1d-8f01-4246-a4f3-debc67e818e8','BRW-000097','TEH BOTOL SOSRO 350ML',NULL,'BTL','2026-04-25 03:47:43',1),('625a3cf3-a116-4b48-bf2a-8a5d491f071d','BRW-004984','SAUCE MALA',NULL,'PAC','2026-04-25 03:47:44',1),('65ab654e-74dd-47a0-b25b-2f08e9e5e5ae','ADD-000018','BOTOL EQUIL SPARKLING MINERAL WATER',NULL,'BTL','2026-04-25 03:47:45',1),('662fdc47-7ac3-400c-85f3-c171c412a650','ADD-000036','ISIAN EGG TART',NULL,'PRS','2026-04-25 03:47:45',1),('669c704c-fed0-4159-9cf5-de460e7a1930','BRW-000614','LETTUCE',NULL,'KG','2026-04-25 03:47:39',1),('68bd4022-47fb-4819-9503-c0e7d4134ac0','BRW-003622','ONDE-ONDE KACANG HIJAU',NULL,'PRS','2026-04-25 03:47:40',1),('6a480cdf-d569-43f1-9c4b-888e86f5452f','BRW-000629','WIJEN MATANG',NULL,'KG','2026-04-25 03:47:44',1),('6a60cd49-372c-4c82-a7eb-efa80d908452','BRW-000667','SAUCE SELADA',NULL,'KG','2026-04-25 03:47:42',1),('6b90e43b-e359-4c91-934a-e61947b33f34','ADD-000021','SIOMAI BABI (JADI HAM) 25GR/PCS',NULL,'KG','2026-04-25 03:47:46',1),('6c3e43fe-701b-40bb-b3c1-10a3e37e8933','BRW-000938','KWANYIN CHINESE TEA (1 BOX = 60 PRS)',NULL,'PRS','2026-04-25 03:47:39',1),('6c5eef01-1145-47e5-96b5-28c8e523a9ee','BRW-000705','TELUR PITAN',NULL,'PCS','2026-04-25 03:47:43',1),('6dadaeea-6a8c-49d4-a3e9-225f97e57a7b','BRW-000676','BAKPAO BABI WH',NULL,'PCS','2026-04-25 03:47:33',1),('6dc76a1e-e2f0-4da5-8b77-c193284c50c5','ADD-000004','WANTAN BABI',NULL,'PRS','2026-04-25 03:47:45',1),('6ea18cd0-4673-4b73-baed-4e236cc89b11','BRW-000687','SIOMAI BABI',NULL,'PRS','2026-04-25 03:47:43',1),('7058454f-a118-4b6f-a56d-d88bad2f8e1d','BRW-000677','BAKSO BABI',NULL,'PRS','2026-04-25 03:47:33',1),('7175c38e-f768-4c4d-811c-fbb7deae69e6','BRW-002410','CHILLI OIL BOTOL WINGHENG',NULL,'BTL','2026-04-25 03:47:35',1),('717b05df-0803-415e-b35e-468ef34243a4','BRW-000074','BIJI KOPI (COFFEE BEAN) 500GR',NULL,'PAC','2026-04-25 03:47:34',1),('741dcd56-ced2-4df9-8ad6-2995d2b7f860','BRW-000683','LUMPIA ABON BABI',NULL,'PRS','2026-04-25 03:47:39',1),('7433c42a-16fd-4358-92cd-ce7eb48eaab6','BRW-003624','PAHA AYAM PISTOL KOMBINASI',NULL,'PRS','2026-04-25 03:47:41',1),('7501c64f-58e9-40a5-9f70-be4d02250a23','BRW-000636','HAM AYAM TALAS',NULL,'KG','2026-04-25 03:47:37',1),('7584f8c1-317d-413d-8894-039e2195e171','BRW-000674','HAM BABI CRISPY',NULL,'KG','2026-04-25 03:47:37',1),('775765d9-f711-414b-89af-c556d8c50800','BRW-000116','PAPER BOWL 800ML + TUTUP',NULL,'PCS','2026-04-25 03:47:41',1),('7be864d4-cce7-4e85-b92a-0fc4c47802a3','BRW-000611','KUCAI',NULL,'KG','2026-04-25 03:47:38',1),('8169c3a2-fb02-4492-ba48-82c94334cf9c','BRW-001884','SAUCE HOISIN BEBEK',NULL,'KG','2026-04-25 03:47:42',1),('83842a6a-51f1-4b3e-8f59-778c2f587f32','ADD-000017','BOTOL BIR GUINESS 620ML',NULL,'BTL','2026-04-25 03:47:45',1),('85eb3031-ee6e-42ad-a35e-e92fc6da6be0','BRW-004000','BERAS GOLDEN PANGAN RICE 25KG',NULL,'KRG','2026-04-25 03:47:34',1),('86708fca-d92e-4629-9a43-255732604ebc','BRW-000678','BBC BABI',NULL,'PCS','2026-04-25 03:47:33',1),('8748b70a-a6b9-4a21-a887-bde45ac2c425','BRW-000648','HAM HAKAU',NULL,'KG','2026-04-25 03:47:37',1),('878f9f89-8176-4da3-84b7-6f7a6f0ed65c','BRW-003635','MADU CHASIU',NULL,'BTL','2026-04-25 03:47:40',1),('87bf0fd5-73c2-481c-8c67-bf599902f1bb','BRW-003619','CEKER AYAM KECAP',NULL,'PRS','2026-04-25 03:47:35',1),('88f6e264-fb0e-4e5e-9a2d-7001b1f5b837','BRW-000041','KECAP ASIN ABC',NULL,'DRG','2026-04-25 03:47:38',1),('8973232d-c2b0-46c5-8a5c-c1312086aee9','BRW-000628','WAYIEM',NULL,'KG','2026-04-25 03:47:44',1),('8a06cc7a-6345-485f-ab43-9b478fe6defd','BRW-000653','KUE PANDAN',NULL,'PRS','2026-04-25 03:47:39',1),('8a256e03-e8c3-47d2-adb7-65dd99f32d0e','BRW-000686','PANGSIT GORENG BABI (PANGSIT BABI)',NULL,'PRS','2026-04-25 03:47:41',1),('8b2d34c1-d1ee-4f0a-a247-0f30d5e30146','BRW-003614','CHASIU KOMBINASI',NULL,'PRS','2026-04-25 03:47:35',1),('8eb6cf45-1d57-4b43-8702-d0faa382d672','BRW-000700','JASMINE CHINESE TEA @10 GRAM',NULL,'PRS','2026-04-25 03:47:38',1),('928ec79f-687b-4815-b1bb-512e66bfd9d3','ADD-000001','WANTAN AYAM',NULL,'PRS','2026-04-25 03:47:45',1),('92b96117-0b8a-4a83-bbaa-810d751482e4','BRW-000096','PULPY ORANGE 300ML',NULL,'BTL','2026-04-25 03:47:42',1),('9759be65-790e-44f1-b2e6-adb679b569ae','BRW-003610','GOJIBERRY KERING 500GRAM',NULL,'PAC','2026-04-25 03:47:37',1),('98e9849c-a23d-4be4-8d75-db8c33df94d9','BRW-000638','BAKPAO AYAM WH',NULL,'PCS','2026-04-25 03:47:33',1),('99f576da-95c0-472a-8ff4-e5b7a43001ec','BRW-003612','CHASIU PANGGANG',NULL,'PRS','2026-04-25 03:47:35',1),('9abf87d4-3139-4bef-b6de-ff1ef5ea71e9','BRW-000680','KUE LOBAK BABI',NULL,'BTG','2026-04-25 03:47:38',1),('9b286aab-cdbe-4686-9072-43c68f32f73c','BRW-004335','DIAMOND STRAWBERRY SOFT MILK ICE MIX 10L',NULL,'DUS','2026-04-25 03:47:36',1),('9bb2917d-f810-4814-9720-6e30a9c64d91','BRW-001744','RASA KALDU @27 GR',NULL,'KG','2026-04-25 03:47:42',1),('9d3bc6bf-0a20-4275-87b9-ba9d78516749','BRW-000031','CHICKEN STOCK MAGGI 1,2 KG',NULL,'BTL','2026-04-25 03:47:35',1),('9f06b771-14e2-4f18-97ff-83a14391f12e','ADD-000002','STEAM TELUR HONGKONG',NULL,'PRS','2026-04-25 03:47:45',1),('a0d05936-be41-43d3-b745-c404baeb16a2','BRW-003621','TELUR KECAP',NULL,'PRS','2026-04-25 03:47:43',1),('a12b0cd5-5de8-4cd2-8367-abc7d0744c73','BRW-000633','AIR GULA',NULL,'KG','2026-04-25 03:47:31',1),('a2bcf6b8-c37c-40d3-8016-ffb40491eecf','BRW-000988','HAM SOUP',NULL,'KG','2026-04-25 03:47:38',1),('a35bb06a-d04d-4693-bd91-1e6086d5c1dc','BRW-000071','SUSU ULTRA MILK 1000ML UHT FULL CREAM',NULL,'PAC','2026-04-25 03:47:43',1),('a3918347-2f10-4b72-a30f-74ac0d18ee74','BRW-000664','PANGSIT GORENG AYAM',NULL,'PRS','2026-04-25 03:47:41',1),('a6691018-7c1e-4ec1-bde5-0a1a9b380ddf','BRW-000095','COCA-COLA 250ML',NULL,'KLG','2026-04-25 03:47:35',1),('a76b9e1d-d01f-4758-a9dc-d897a436478e','BRW-000644','CAKUE',NULL,'PRS','2026-04-25 03:47:34',1),('a785101c-cd2a-41ba-b588-4760ac575d65','BRW-000645','CEKER AYAM RASA (KAKI AYAM RASA)',NULL,'PRS','2026-04-25 03:47:35',1),('a85268e1-beea-47e4-838c-27c550cfa1af','BRW-004199','MASTERISTA LYCHEE TEA 1000 GR (1 DUS = 12 PAC )',NULL,'PCS','2026-04-25 03:47:40',1),('a8d4563e-60c7-4e00-9fca-c8e6f342087c','BRW-000566','ABON AYAM',NULL,'KG','2026-04-25 03:46:56',1),('aabadd8d-b596-4373-bad7-614015b1b766','ADD-000038','LYCHEE TEA',NULL,'PRS','2026-04-25 03:47:46',1),('ab4f5ffe-8eab-4103-a588-a7a72e4eb61c','ADD-000016','BOTOL BIR BINTANG RADLER 330ML',NULL,'BTL','2026-04-25 03:47:45',1),('abe13519-2834-4df7-a7a1-09dff897cee6','BRW-004761','SUSU DIAMOND 1000ML UHT FULL CREAM',NULL,'PAC','2026-04-25 03:47:43',1),('ae0da0ca-0be1-4318-b313-c5ac1b1c736f','BRW-000114','PAPER BOWL 1000ML + TUTUP',NULL,'PCS','2026-04-25 03:47:41',1),('afe6248b-5f02-4581-98c4-0cbefd6d31c1','BRW-000672','TEPUNG CHUIJIONG',NULL,'KG','2026-04-25 03:47:44',1),('b0795dd7-c5c1-4588-8ba8-09ce58a4a14f','BRW-000685','LUMPIA STEAM BABI',NULL,'PRS','2026-04-25 03:47:40',1),('b244afd8-5df2-4077-b681-ff03835d304a','BRW-004362','BAKPAO COKELAT',NULL,'PCS','2026-04-25 03:47:33',1),('b2c1332a-e6c6-457e-8d6a-bac122438cba','BRW-000654','KULIT PANGSIT REBUS AYAM',NULL,'KG','2026-04-25 03:47:39',1),('b4e8e508-6a70-4687-ac71-92cb7d9b7266','ADD-000005','JAMUR ENOKI (WASTE)',NULL,'PAC','2026-04-25 03:47:44',1),('b674ad99-9be7-4968-92c5-43ea99dc6250','BRW-000661','MIE KECIL',NULL,'PRS','2026-04-25 03:47:40',1),('b678f83c-3868-4a9a-b97c-c75513ea0f6d','BRW-004867','BAO UBI FROZEN',NULL,'PCS','2026-04-25 03:47:33',1),('bba77269-967e-4ef4-abae-da4a1b87aef1','BRW-003623','ONDE-ONDE WIJEN',NULL,'PRS','2026-04-25 03:47:41',1),('bcb18de8-11ec-40ef-b946-a3f66c728201','BRW-003613','SAMCAN KOMBINASI',NULL,'PRS','2026-04-25 03:47:42',1),('bced6ede-d025-478d-aa16-3aaa1831d32d','BRW-000546','AYAM TUA',NULL,'KG','2026-04-25 03:47:32',1),('bf9b7d3e-fd6b-4a55-9f9e-44c6ec4af8be','ADD-000035','NASI HAINAM',NULL,'PRS','2026-04-25 03:47:45',1),('c177f2a5-3e62-4f71-b26d-f4161d853c8b','BRW-003022','EQUIL SPARKLING MINERAL WATER 380 ML',NULL,'BTL','2026-04-25 03:47:36',1),('c465ad27-c0af-4b8b-8c90-29f1bf476c04','BRW-000008','TELUR AYAM',NULL,'KG','2026-04-25 03:47:43',1),('c4936c7b-65ec-4223-aa2b-c3dbc7be3871','BRW-003618','LIDAH BEBEK KECAP',NULL,'PRS','2026-04-25 03:47:39',1),('c5388dbb-e8d0-4fab-85ed-6351baffb8d0','BRW-000646','CHONGFEN',NULL,'PRS','2026-04-25 03:47:35',1),('c7e3d83d-67ee-4b20-ba3d-68846e4507c9','BRW-000639','BAKPAO LIENYUNG',NULL,'PCS','2026-04-25 03:47:33',1),('c8042622-dbce-457c-a5d6-227ac8176ecc','BRW-000649','HAM SIOMAI AYAM',NULL,'KG','2026-04-25 03:47:37',1),('c9b5e4b2-e8f4-40d4-ad63-b4415ac0eeba','BRW-000617','MINYAK WANGI',NULL,'KG','2026-04-25 03:47:40',1),('c9cd5374-c9b3-43fa-855b-377404c4956a','BRW-004909','BOLO BUN',NULL,'PCS','2026-04-25 03:47:34',1),('cb35fbab-ca6f-46e6-b0cb-fc4c03009273','BRW-003066','KWETIAU',NULL,'BKS','2026-04-25 03:47:39',1),('cc263a54-f6be-4f1a-9c3e-816573575967','BRW-000640','BAKPAO NAIWONG',NULL,'PCS','2026-04-25 03:47:33',1),('d136228d-91f2-41f2-9e4f-244a7de535cb','BRW-003634','RASA HAINAM (55 PRS/BOX)',NULL,'PRS','2026-04-25 03:47:42',1),('d41bd091-9603-4ac9-9196-f2c06ae41bf9','BRW-000655','KUOTIE',NULL,'PRS','2026-04-25 03:47:39',1),('d70cc98c-c6a0-41b5-8125-32a8286e6c3f','BRW-003644','SAUCE KECAP',NULL,'KG','2026-04-25 03:47:42',1),('d7aa6a41-a2a2-4e18-bb6a-c6d2681001dd','BRW-000684','LUMPIA KULIT TAHU BABI',NULL,'PRS','2026-04-25 03:47:40',1),('d9706455-6b3c-4f41-87e0-bdc91ea6b4e9','BRW-000616','MAYONAISE CK',NULL,'KG','2026-04-25 03:47:40',1),('da11a2ae-74a7-4eb5-aaef-13356380f79a','ADD-000015','BOTOL BIR BINTANG PILSENER',NULL,'BTL','2026-04-25 03:47:45',1),('dabd5adf-3fe5-426c-bde5-2bc457dcd486','BRW-003824','EGG TART',NULL,'PRS','2026-04-25 03:47:36',1),('def7fd3d-4b33-4f0a-85c1-445f1ca03662','BRW-003615','AYAM REBUS 1/2 EKOR',NULL,'PRS','2026-04-25 03:47:32',1),('e03faae5-ceae-4356-a66c-78889cae5b2c','BRW-000675','HAM BAIKUT',NULL,'KG','2026-04-25 03:47:37',1),('e12c4827-94dc-4700-95c8-8a07f164786e','BRW-003432','KUAH KALDU',NULL,'KG','2026-04-25 03:47:38',1),('e1d4e34a-e46e-41b0-9791-be083d90f2a9','BRW-004888','GABIN UBI KUNING',NULL,'PCS','2026-04-25 03:47:36',1),('e2bd06fa-9669-4bbc-a307-b6a11f40fa76','BRW-000692','BUBUR PUTIH POLOS',NULL,'PRS','2026-04-25 03:47:34',1),('e424d542-0196-4040-b58d-c95b7e25ba82','BRW-004869','WARMER BAG FROZEN FOOD WINGHENG',NULL,'PCS','2026-04-25 03:47:44',1),('e4608a1c-aa64-46fc-8374-d4276ca881da','BRW-003611','SAMCAN PANGGANG',NULL,'PRS','2026-04-25 03:47:42',1),('e4ce91ce-8727-4830-8761-af18b8684e18','BRW-004934','CHONGFEN HONGKONG',NULL,'PRS','2026-04-25 03:47:44',1),('e5ce44db-d53b-41a3-978a-88727d5e84b9','BRW-000084','GULARE GULA STIK 100 PCS',NULL,'PAC','2026-04-25 03:47:37',1),('e614657f-c751-41cf-b0f1-f7e93d2f45c1','BRW-000087','SUSU KENTAL MANIS CARNATION 370GR',NULL,'KLG','2026-04-25 03:47:43',1),('e82e3440-a55c-4c29-9a88-70ad7e89c35f','BRW-004443','BERAS PRODUKSI 25 KG',NULL,'KG','2026-04-25 03:47:34',1),('e85da7cf-8486-4a90-969f-ee177405e869','BRW-003023','SCHWEPPES',NULL,'KLG','2026-04-25 03:47:42',1),('ed790018-2fb1-47b6-8056-a575940f2008','BRW-004907','SHANGHAI FRIED BUNS',NULL,'PRS','2026-04-25 03:47:43',1),('edea0ad1-6bde-4000-8ef4-58bec6125e7d','BRW-000590','CHILLI OIL',NULL,'KG','2026-04-25 03:47:35',1),('f08cac73-964d-4ca9-812c-fd0dde8e1ea6','ADD-000020','SIOMAI AYAM (JADI HAM) 25GR/PCS',NULL,'KG','2026-04-25 03:47:45',1),('f26a0103-7ff5-4262-b943-09c7cd20d7c3','BRW-003678','BLUE BAND 200 GR',NULL,'PAC','2026-04-25 03:47:34',1),('f393f22e-edd0-4b39-98e0-7be76e7e785b','BRW-003005','BIR BINTANG PILSENER KLG 500 ML (24 KLG/DUS)',NULL,'KLG','2026-04-25 03:47:34',1),('f41eac34-2945-454a-9d9a-53d04cf8024a','BRW-000552','JAMUR TIRAM',NULL,'KG','2026-04-25 03:47:38',1),('f4ee7e23-bd7a-4671-ac1f-faeff8a3dfc8','BRW-000650','HOT COFFEE (NESCAFE HOT)',NULL,'PRS','2026-04-25 03:47:38',1),('f5ae9043-9165-4b0d-bc46-d843783bd6bb','BRW-004184','PUDING MANGGA',NULL,'PAC','2026-04-25 03:47:42',1),('f60272eb-699b-4980-bf60-b0bd67bcfcc5','BRW-004087','TEH REGULER WHWL 40 GRAM',NULL,'PAC','2026-04-25 03:47:43',1),('f7977d9c-e444-4918-9831-bf082f976efe','BRW-000025','BAWANG PUTIH UTUH',NULL,'KG','2026-04-25 03:47:33',1),('f9b449de-774c-4f7a-a605-489fac6ffc93','BRW-000570','BAWANG PUTIH GORENG',NULL,'KG','2026-04-25 03:47:33',1),('fa075808-9683-4c1d-ba18-7d0313c1f6d1','BRW-000647','HAKAU',NULL,'PRS','2026-04-25 03:47:37',1),('fa87ea44-4234-45a6-a191-64c9c5bcc815','BRW-003208','MAX TEA TEA TARIK @25GR',NULL,'SCT','2026-04-25 03:47:40',1),('fdea88a6-8a89-42d6-8209-c087fffbd928','BRW-002360','SIAO MAI VEGI',NULL,'PRS','2026-04-25 03:47:43',1),('febd6885-368f-4868-bd05-fc576bd9f1e9','BRW-000770','SUSU VIVO WHIPPING CREAM',NULL,'BKS','2026-04-25 03:47:43',1),('fff7a4ec-ba3d-475a-be73-87ddeb57a965','BRW-001740','GOODIE BAG GRAND WINGHENG 30X30X17 (MEDIUM)',NULL,'PCS','2026-04-25 03:47:37',1);
/*!40000 ALTER TABLE `reject_master_items` ENABLE KEYS */;
UNLOCK TABLES;

--
-- Table structure for table `reject_master_units`
--

DROP TABLE IF EXISTS `reject_master_units`;
/*!40101 SET @saved_cs_client     = @@character_set_client */;
/*!50503 SET character_set_client = utf8mb4 */;
CREATE TABLE `reject_master_units` (
  `id` int NOT NULL AUTO_INCREMENT,
  `item_id` char(36) NOT NULL,
  `unit_name` varchar(20) NOT NULL,
  `conversion_ratio` decimal(10,4) NOT NULL,
  `operator` enum('*','/') DEFAULT '*',
  PRIMARY KEY (`id`),
  UNIQUE KEY `item_id` (`item_id`,`unit_name`),
  CONSTRAINT `reject_master_units_ibfk_1` FOREIGN KEY (`item_id`) REFERENCES `reject_master_items` (`id`) ON DELETE CASCADE
) ENGINE=InnoDB AUTO_INCREMENT=107 DEFAULT CHARSET=utf8mb4 COLLATE=utf8mb4_0900_ai_ci;
/*!40101 SET character_set_client = @saved_cs_client */;

--
-- Dumping data for table `reject_master_units`
--

LOCK TABLES `reject_master_units` WRITE;
/*!40000 ALTER TABLE `reject_master_units` DISABLE KEYS */;
INSERT INTO `reject_master_units` VALUES (1,'a8d4563e-60c7-4e00-9fca-c8e6f342087c','GR',1000.0000,'/'),(2,'a12b0cd5-5de8-4cd2-8367-abc7d0744c73','GR',1000.0000,'/'),(3,'bced6ede-d025-478d-aa16-3aaa1831d32d','GR',1000.0000,'/'),(4,'49626b01-16e9-434c-9d68-6d4805f847b5','PCS',3.0000,'/'),(5,'7058454f-a118-4b6f-a56d-d88bad2f8e1d','PCS',3.0000,'/'),(6,'f9b449de-774c-4f7a-a605-489fac6ffc93','GR',1000.0000,'/'),(7,'85eb3031-ee6e-42ad-a35e-e92fc6da6be0','GR',25000.0000,'/'),(8,'e82e3440-a55c-4c29-9a88-70ad7e89c35f','GR',1000.0000,'/'),(9,'717b05df-0803-415e-b35e-468ef34243a4','GR',500.0000,'/'),(10,'11720202-0753-414f-8594-717d4eb7c72e','GR',1000.0000,'/'),(11,'a76b9e1d-d01f-4758-a9dc-d897a436478e','PCS',5.0000,'/'),(12,'87bf0fd5-73c2-481c-8c67-bf599902f1bb','PCS',6.0000,'/'),(13,'a785101c-cd2a-41ba-b588-4760ac575d65','PCS',4.0000,'/'),(14,'46cf3c7f-6d16-400d-a031-f1a99c87885d','PCS',6.0000,'/'),(15,'9d3bc6bf-0a20-4275-87b9-ba9d78516749','GR',1200.0000,'/'),(16,'edea0ad1-6bde-4000-8ef4-58bec6125e7d','GR',1000.0000,'/'),(17,'166c6f1a-7bc5-4e07-903b-e78fee88b719','GR',1000.0000,'/'),(18,'2d7d552e-6324-4a51-8d75-413ce750cf6f','GR',1000.0000,'/'),(19,'9b286aab-cdbe-4686-9072-43c68f32f73c','PRS',54.0000,'/'),(20,'018e634b-6106-4e53-becc-2de07c154ca6','PRS',54.0000,'/'),(21,'dabd5adf-3fe5-426c-bde5-2bc457dcd486','PCS',3.0000,'/'),(22,'4458be79-8647-4ab1-b793-8fb8e9b07e8d','PCS',50.0000,'/'),(23,'2eed1718-e988-4f9b-943f-c9fb231370cb','PCS',50.0000,'/'),(24,'1d20b7cc-04e0-4321-a18d-21d4e78b9c60','PCS',25.0000,'/'),(25,'021a0dc6-7fed-4fde-a47e-e36d9fa1e939','PCS',25.0000,'/'),(26,'9759be65-790e-44f1-b2e6-adb679b569ae','GR',500.0000,'/'),(27,'e5ce44db-d53b-41a3-978a-88727d5e84b9','PCS',100.0000,'/'),(28,'fa075808-9683-4c1d-ba18-7d0313c1f6d1','PCS',3.0000,'/'),(29,'7501c64f-58e9-40a5-9f70-be4d02250a23','PRS',10.0000,'/'),(30,'3bdf86f5-2a81-46cd-863f-d15e79a9a487','PRS',10.0000,'/'),(31,'7584f8c1-317d-413d-8894-039e2195e171','PRS',10.0000,'/'),(32,'e03faae5-ceae-4356-a66c-78889cae5b2c','PRS',10.0000,'/'),(33,'8748b70a-a6b9-4a21-a887-bde45ac2c425','PRS',14.2857,'/'),(34,'c8042622-dbce-457c-a5d6-227ac8176ecc','PRS',13.3333,'/'),(35,'1e7a7c2b-ae71-4e53-97ee-c3ed33bd84e3','PRS',13.3333,'/'),(36,'a2bcf6b8-c37c-40d3-8016-ffb40491eecf','PRS',10.0000,'/'),(37,'18cb0f79-af53-4889-b273-17b63e678f10','GR',1000.0000,'/'),(38,'4431f1e8-1b16-496f-9b6c-53c58b4079ea','PRS',2.8571,'/'),(39,'f41eac34-2945-454a-9d9a-53d04cf8024a','PRS',12.5000,'/'),(40,'88f6e264-fb0e-4e5e-9a2d-7001b1f5b837','GR',6000.0000,'/'),(41,'003acfa0-aa9b-47ba-a95b-ba56d02e7d46','GR',1000.0000,'/'),(42,'4cbcfa90-aba1-43f1-96de-be74477315b6','PCS',3.0000,'/'),(43,'e12c4827-94dc-4700-95c8-8a07f164786e','GR',1000.0000,'/'),(44,'7be864d4-cce7-4e85-b92a-0fc4c47802a3','GR',1000.0000,'/'),(45,'0b694faf-cf9f-4e75-84e2-f6f252dd02c2','PCS',3.0000,'/'),(46,'9abf87d4-3139-4bef-b6de-ff1ef5ea71e9','PRS',5.0000,'/'),(47,'8a06cc7a-6345-485f-ab43-9b478fe6defd','PCS',3.0000,'/'),(48,'b2c1332a-e6c6-457e-8d6a-bac122438cba','GR',1000.0000,'/'),(49,'4e736afe-5261-4607-b9c4-7e8504a23d06','GR',1000.0000,'/'),(50,'d41bd091-9603-4ac9-9196-f2c06ae41bf9','PCS',3.0000,'/'),(52,'c4936c7b-65ec-4223-aa2b-c3dbc7be3871','PCS',8.0000,'/'),(53,'741dcd56-ced2-4df9-8ad6-2995d2b7f860','PCS',2.0000,'/'),(54,'4aadc9e9-4276-40f2-bd4b-b84e7215654a','PCS',3.0000,'/'),(55,'d7aa6a41-a2a2-4e18-bb6a-c6d2681001dd','PCS',3.0000,'/'),(56,'38035db7-6992-4311-8357-5325b61a8df4','PCS',3.0000,'/'),(57,'b0795dd7-c5c1-4588-8ba8-09ce58a4a14f','PCS',3.0000,'/'),(58,'443e9d97-5baf-4b69-b9b9-c68bd685a77f','GR',567.0000,'/'),(59,'d9706455-6b3c-4f41-87e0-bdc91ea6b4e9','GR',1000.0000,'/'),(60,'c9b5e4b2-e8f4-40d4-ad63-b4415ac0eeba','GR',1000.0000,'/'),(61,'68bd4022-47fb-4819-9503-c0e7d4134ac0','PCS',3.0000,'/'),(62,'bba77269-967e-4ef4-abae-da4a1b87aef1','PCS',3.0000,'/'),(63,'a3918347-2f10-4b72-a30f-74ac0d18ee74','PCS',3.0000,'/'),(64,'8a256e03-e8c3-47d2-adb7-65dd99f32d0e','PCS',3.0000,'/'),(65,'1a18b5f6-dcf3-4d38-9699-3d1a5ddae068','PRS',4.0000,'/'),(66,'06ccf015-62a1-4b8a-8f4b-10f5310faff8','PRS',6.0000,'/'),(67,'f5ae9043-9165-4b0d-bc46-d843783bd6bb','PRS',5.0000,'/'),(68,'9bb2917d-f810-4814-9720-6e30a9c64d91','GR',1000.0000,'/'),(69,'4e1ec337-a783-41f4-8652-d7b866b2661c','GR',1000.0000,'/'),(70,'8169c3a2-fb02-4492-ba48-82c94334cf9c','GR',1000.0000,'/'),(71,'d70cc98c-c6a0-41b5-8125-32a8286e6c3f','GR',1000.0000,'/'),(72,'6a60cd49-372c-4c82-a7eb-efa80d908452','GR',1000.0000,'/'),(73,'22386370-7873-454a-9f5e-feb514188e7d','GR',1000.0000,'/'),(74,'23975ee0-b2c3-4b70-921e-3b583c9adc45','PCS',6.0000,'/'),(75,'183bfbc1-0954-43d0-82f9-27c279087b7e','GR',1000.0000,'/'),(76,'0681981c-fd30-4efd-82e6-1a676b81bcdf','GR',1000.0000,'/'),(77,'ed790018-2fb1-47b6-8056-a575940f2008','PCS',6.0000,'/'),(78,'fdea88a6-8a89-42d6-8209-c087fffbd928','PCS',2.0000,'/'),(79,'51ce1872-1fe0-4312-8215-2613f1cddb3b','PCS',3.0000,'/'),(80,'6ea18cd0-4673-4b73-baed-4e236cc89b11','PCS',3.0000,'/'),(81,'abe13519-2834-4df7-a7a1-09dff897cee6','GR',1000.0000,'/'),(82,'e614657f-c751-41cf-b0f1-f7e93d2f45c1','GR',370.0000,'/'),(83,'a35bb06a-d04d-4693-bd91-1e6086d5c1dc','GR',1000.0000,'/'),(84,'febd6885-368f-4868-bd05-fc576bd9f1e9','GR',1100.0000,'/'),(85,'447d581a-357a-4cfb-bbd6-d33ab6241235','PCS',3.0000,'/'),(86,'f60272eb-699b-4980-bf60-b0bd67bcfcc5','GR',5000.0000,'/'),(87,'afe6248b-5f02-4581-98c4-0cbefd6d31c1','GR',1000.0000,'/'),(88,'8973232d-c2b0-46c5-8a5c-c1312086aee9','GR',1000.0000,'/'),(89,'6a480cdf-d569-43f1-9c4b-888e86f5452f','GR',1000.0000,'/'),(90,'e4ce91ce-8727-4830-8761-af18b8684e18','GR',100.0000,'/'),(91,'625a3cf3-a116-4b48-bf2a-8a5d491f071d','GR',700.0000,'/'),(92,'23422b53-045d-4fd4-9b9f-7b7a415f5eda','GR',1000.0000,'/'),(93,'232162a3-f009-433b-87af-8627ec67dbb0','GR',1000.0000,'/'),(94,'b4e8e508-6a70-4687-ac71-92cb7d9b7266','GR',100.0000,'/'),(95,'184de4f5-eb4d-4d05-96a5-728e37cd0824','GR',1000.0000,'/'),(96,'3ee3bef3-bcdf-4d00-aee6-c640b6baac27','GR',1000.0000,'/'),(97,'662fdc47-7ac3-400c-85f3-c171c412a650','PCS',3.0000,'/'),(98,'928ec79f-687b-4815-b1bb-512e66bfd9d3','PCS',3.0000,'/'),(99,'6dc76a1e-e2f0-4da5-8b77-c193284c50c5','PCS',3.0000,'/'),(100,'42c88711-cf1a-4632-8525-25ea1e67d810','GR',1000.0000,'/'),(101,'15cbc8d7-8ea2-4348-ba6e-8dec5dda70a6','GR',1000.0000,'/'),(102,'3516952e-be36-4627-94a9-46e39b824512','GR',1000.0000,'/'),(103,'f08cac73-964d-4ca9-812c-fd0dde8e1ea6','GR',1000.0000,'/'),(104,'6b90e43b-e359-4c91-934a-e61947b33f34','GR',1000.0000,'/'),(105,'669c704c-fed0-4159-9cf5-de460e7a1930','PRS',5.5556,'/'),(106,'669c704c-fed0-4159-9cf5-de460e7a1930','GRM',1000.0000,'/');
/*!40000 ALTER TABLE `reject_master_units` ENABLE KEYS */;
UNLOCK TABLES;

--
-- Table structure for table `reject_outlets`
--

DROP TABLE IF EXISTS `reject_outlets`;
/*!40101 SET @saved_cs_client     = @@character_set_client */;
/*!50503 SET character_set_client = utf8mb4 */;
CREATE TABLE `reject_outlets` (
  `id` int NOT NULL AUTO_INCREMENT,
  `name` varchar(100) NOT NULL,
  PRIMARY KEY (`id`),
  UNIQUE KEY `name` (`name`)
) ENGINE=InnoDB AUTO_INCREMENT=2 DEFAULT CHARSET=utf8mb4 COLLATE=utf8mb4_0900_ai_ci;
/*!40101 SET character_set_client = @saved_cs_client */;

--
-- Dumping data for table `reject_outlets`
--

LOCK TABLES `reject_outlets` WRITE;
/*!40000 ALTER TABLE `reject_outlets` DISABLE KEYS */;
INSERT INTO `reject_outlets` VALUES (1,'KKL');
/*!40000 ALTER TABLE `reject_outlets` ENABLE KEYS */;
UNLOCK TABLES;

--
-- Table structure for table `stock`
--

DROP TABLE IF EXISTS `stock`;
/*!40101 SET @saved_cs_client     = @@character_set_client */;
/*!50503 SET character_set_client = utf8mb4 */;
CREATE TABLE `stock` (
  `id` int NOT NULL AUTO_INCREMENT,
  `warehouse_id` char(36) NOT NULL,
  `item_id` char(36) NOT NULL,
  `qty` decimal(15,4) DEFAULT '0.0000',
  `last_updated` timestamp NULL DEFAULT CURRENT_TIMESTAMP ON UPDATE CURRENT_TIMESTAMP,
  PRIMARY KEY (`id`),
  UNIQUE KEY `idx_stock_unique` (`warehouse_id`,`item_id`),
  KEY `item_id` (`item_id`),
  CONSTRAINT `stock_ibfk_1` FOREIGN KEY (`warehouse_id`) REFERENCES `warehouses` (`id`) ON DELETE CASCADE,
  CONSTRAINT `stock_ibfk_2` FOREIGN KEY (`item_id`) REFERENCES `items` (`id`) ON DELETE CASCADE
) ENGINE=InnoDB AUTO_INCREMENT=1226 DEFAULT CHARSET=utf8mb4 COLLATE=utf8mb4_0900_ai_ci;
/*!40101 SET character_set_client = @saved_cs_client */;

--
-- Dumping data for table `stock`
--

LOCK TABLES `stock` WRITE;
/*!40000 ALTER TABLE `stock` DISABLE KEYS */;
INSERT INTO `stock` VALUES (315,'56267bb0-0d8c-449b-866e-c0a5f5048392','a7aa07b5-5738-4b4f-89e0-717e3cbd1b86',1.5000,'2026-04-30 15:58:47'),(316,'56267bb0-0d8c-449b-866e-c0a5f5048392','7f1d5a40-9191-4922-9885-3fb1d51e4e99',52.0000,'2026-05-04 12:58:48'),(317,'56267bb0-0d8c-449b-866e-c0a5f5048392','06f71892-bb6a-488d-89ed-da7e634fe629',24.0000,'2026-05-04 12:59:41'),(318,'56267bb0-0d8c-449b-866e-c0a5f5048392','2b59f889-9afa-47e1-8aa4-c0774a7e2785',60.0000,'2026-04-30 15:57:58'),(319,'56267bb0-0d8c-449b-866e-c0a5f5048392','8cc8e3af-dc74-4af4-ae4d-6b226502ebe1',49.0000,'2026-05-04 12:57:48'),(320,'56267bb0-0d8c-449b-866e-c0a5f5048392','f0b30684-75df-426f-8d55-d706f550e022',147.0000,'2026-04-30 15:57:58'),(321,'56267bb0-0d8c-449b-866e-c0a5f5048392','d0d1fcd4-0e8f-4d4c-a402-8dc3cff2b278',189.0000,'2026-05-03 03:00:56'),(322,'56267bb0-0d8c-449b-866e-c0a5f5048392','76a220dd-a721-4c00-89fe-1cc6cb6bdd23',42.0000,'2026-05-03 03:00:56'),(323,'56267bb0-0d8c-449b-866e-c0a5f5048392','cd9e8115-ba0e-4837-8d7d-bf4f21c94c2a',63.0000,'2026-05-03 03:00:56'),(324,'56267bb0-0d8c-449b-866e-c0a5f5048392','9932e5de-5e8d-43b4-826d-9bcdf2d6e8b7',84.0000,'2026-05-03 03:00:56'),(325,'56267bb0-0d8c-449b-866e-c0a5f5048392','9763f01f-6cc0-4b52-9cf7-7a0af764977f',672.0000,'2026-05-04 12:57:48'),(326,'56267bb0-0d8c-449b-866e-c0a5f5048392','006b663f-414d-4c13-85ba-23f28f0d5b71',65.0000,'2026-05-04 03:27:58'),(327,'56267bb0-0d8c-449b-866e-c0a5f5048392','3a7fab10-5677-4c12-9fa4-713fe2deb847',50.0000,'2026-05-04 03:27:58'),(328,'56267bb0-0d8c-449b-866e-c0a5f5048392','81f5381d-c44a-4180-a668-147ce26c6bba',174.0000,'2026-05-02 02:56:28'),(329,'56267bb0-0d8c-449b-866e-c0a5f5048392','898323c9-9347-4381-a083-e081853e78ff',5.0000,'2026-05-03 03:00:57'),(330,'56267bb0-0d8c-449b-866e-c0a5f5048392','30631d57-df5d-46b6-a2d2-6afbacb113ed',90.0000,'2026-05-01 02:56:43'),(331,'56267bb0-0d8c-449b-866e-c0a5f5048392','cd39e497-fe46-4f18-b145-04b75d81f890',165.0000,'2026-05-03 03:00:57'),(332,'56267bb0-0d8c-449b-866e-c0a5f5048392','2d447cdd-e193-413b-9dba-74c90b8fa852',5.0000,'2026-05-02 02:54:49'),(333,'56267bb0-0d8c-449b-866e-c0a5f5048392','116c5453-2821-4c6d-8ee0-d9660e60cfb6',50.0000,'2026-05-02 02:54:49'),(334,'56267bb0-0d8c-449b-866e-c0a5f5048392','22090c01-d57a-4aa1-9b0a-0340ba3effe3',4.0000,'2026-05-02 03:18:54'),(335,'56267bb0-0d8c-449b-866e-c0a5f5048392','f1a5852c-7ef1-4c26-89b4-015abf46c1c4',72.0000,'2026-05-03 03:03:06'),(336,'56267bb0-0d8c-449b-866e-c0a5f5048392','b4d771ac-5c55-4354-9474-66ec58ff3584',0.0000,'2026-04-29 02:48:19'),(337,'56267bb0-0d8c-449b-866e-c0a5f5048392','d53de0eb-ec7b-498e-b647-34d3d63b0c1f',24.0000,'2026-04-23 08:38:09'),(338,'56267bb0-0d8c-449b-866e-c0a5f5048392','0a20b01c-c45b-4bd6-a34a-4e82c4966b1b',7.0000,'2026-04-23 08:38:09'),(339,'56267bb0-0d8c-449b-866e-c0a5f5048392','01f1b87b-8959-4ae8-9fcf-7fe1d7323dd6',12.0000,'2026-04-30 15:57:58'),(340,'56267bb0-0d8c-449b-866e-c0a5f5048392','caf1b831-72a1-4148-b130-15083dfcbfae',0.0000,'2026-04-27 13:02:12'),(341,'56267bb0-0d8c-449b-866e-c0a5f5048392','4fc619e6-4cf2-441f-b149-56c1eb0cdd78',150.0000,'2026-05-03 03:00:56'),(342,'56267bb0-0d8c-449b-866e-c0a5f5048392','c5e64aba-39c7-42c4-bdc4-e694d18df851',20.0000,'2026-04-30 03:03:37'),(343,'56267bb0-0d8c-449b-866e-c0a5f5048392','acbd7a61-6e0c-46b1-b17f-d02a2d796d4d',650.0000,'2026-05-04 03:27:10'),(344,'56267bb0-0d8c-449b-866e-c0a5f5048392','9d529a51-5222-4f24-a5e9-297338c677b6',30.0000,'2026-04-23 08:38:09'),(345,'56267bb0-0d8c-449b-866e-c0a5f5048392','4762d0d8-eed5-4e61-a135-c3a99ab6378d',20.0000,'2026-04-23 08:38:09'),(346,'56267bb0-0d8c-449b-866e-c0a5f5048392','86e0def6-c17f-4e8e-beb4-41010a986361',0.0000,'2026-04-23 08:38:09'),(347,'56267bb0-0d8c-449b-866e-c0a5f5048392','fbc9d662-f549-4abd-bb01-4fb749e7d344',12.0000,'2026-05-04 12:58:48'),(348,'56267bb0-0d8c-449b-866e-c0a5f5048392','7bea32a3-04f4-44e0-9e82-d2d0f17dfc0b',0.0000,'2026-05-01 02:56:43'),(349,'56267bb0-0d8c-449b-866e-c0a5f5048392','d82ceff6-f6f7-4de0-bc94-34b485d58f93',72.0000,'2026-05-03 03:04:07'),(350,'56267bb0-0d8c-449b-866e-c0a5f5048392','c850b46c-c225-4ccc-9bb2-cabf0869efd6',0.0000,'2026-05-03 03:03:06'),(351,'56267bb0-0d8c-449b-866e-c0a5f5048392','a1c82d7f-54ed-4d41-9f88-5ae07379000e',16.0000,'2026-05-04 03:27:58'),(352,'56267bb0-0d8c-449b-866e-c0a5f5048392','e73b7e2c-b77f-4ae6-9e15-f6a9c87687a5',58.0000,'2026-05-04 03:27:58'),(353,'56267bb0-0d8c-449b-866e-c0a5f5048392','94ddcfe7-3916-4277-b4b1-9a0d79e02864',20.0000,'2026-04-26 06:59:08'),(354,'56267bb0-0d8c-449b-866e-c0a5f5048392','f527d9c4-8fbc-4d4b-b167-53325792e11f',80.0000,'2026-05-01 02:58:58'),(355,'56267bb0-0d8c-449b-866e-c0a5f5048392','9c5a0c4a-de0b-4b48-bde9-cf276f53d2a5',350.0000,'2026-05-04 12:58:48'),(356,'56267bb0-0d8c-449b-866e-c0a5f5048392','0107a91e-10c1-4a5f-8f6d-569d73c286bb',435.0000,'2026-05-04 03:27:10'),(357,'56267bb0-0d8c-449b-866e-c0a5f5048392','efcf339d-7048-4107-971c-d3e3a73eda5e',21.0000,'2026-05-03 03:01:17'),(358,'56267bb0-0d8c-449b-866e-c0a5f5048392','5bc82d8d-8968-4fd4-8080-a90cd3736887',58.0000,'2026-05-04 12:57:48'),(359,'56267bb0-0d8c-449b-866e-c0a5f5048392','a134c1ee-11aa-402e-905d-3f00bb3dcd3b',78.0000,'2026-05-04 03:27:10'),(360,'56267bb0-0d8c-449b-866e-c0a5f5048392','629e8f8f-8f46-4a3b-955c-5de2ae98195b',88.0000,'2026-05-04 12:57:48'),(361,'56267bb0-0d8c-449b-866e-c0a5f5048392','a1e911c1-7158-4dfc-af1f-9ee14bed511b',40.0000,'2026-05-04 12:57:48'),(362,'56267bb0-0d8c-449b-866e-c0a5f5048392','2abed24e-28db-41f6-a931-2dfef5794fc8',22.0000,'2026-05-03 03:00:57'),(363,'56267bb0-0d8c-449b-866e-c0a5f5048392','ccffe407-4044-4910-895c-690f8b346a20',47.0000,'2026-05-04 12:57:48'),(364,'56267bb0-0d8c-449b-866e-c0a5f5048392','7d354e1a-25ad-4859-966a-af9b39715a11',6.0000,'2026-05-03 03:00:57'),(365,'56267bb0-0d8c-449b-866e-c0a5f5048392','770a6bb7-c51d-4ec0-9903-540124ae1198',60.0000,'2026-04-23 08:38:09'),(366,'56267bb0-0d8c-449b-866e-c0a5f5048392','3576cbf9-aac0-4750-9060-8b923ee5ff6f',1.0000,'2026-04-23 08:33:17'),(367,'56267bb0-0d8c-449b-866e-c0a5f5048392','b14b58b1-0085-4fb6-bd56-4ef7ef21e9b4',4.5000,'2026-05-03 03:00:57'),(368,'56267bb0-0d8c-449b-866e-c0a5f5048392','bca210ab-731f-46ad-8729-a27f18051a2a',0.0000,'2026-04-30 03:03:37'),(369,'56267bb0-0d8c-449b-866e-c0a5f5048392','a8a7b97f-3ed2-4e6d-a01d-1b58420a99af',0.0000,'2026-04-27 13:02:12'),(370,'56267bb0-0d8c-449b-866e-c0a5f5048392','b9a0520e-e9a0-42c8-b46b-12879eb828f2',52.0000,'2026-04-30 03:03:37'),(371,'56267bb0-0d8c-449b-866e-c0a5f5048392','0b89fa82-8572-473f-965b-689ed8e8abd1',6.5000,'2026-05-03 03:00:57'),(372,'56267bb0-0d8c-449b-866e-c0a5f5048392','803b4852-6bd9-41a6-8e0a-3efcce786195',15.0000,'2026-05-04 12:57:48'),(373,'56267bb0-0d8c-449b-866e-c0a5f5048392','48af6e8c-7886-40e6-ac84-ac49e452a9e5',64.0000,'2026-05-04 03:27:58'),(374,'56267bb0-0d8c-449b-866e-c0a5f5048392','5d49d285-2a89-4300-a47a-83ae8dcf54ec',180.0000,'2026-04-25 03:04:35'),(375,'56267bb0-0d8c-449b-866e-c0a5f5048392','5f51580c-9017-4127-a8e7-87f886a62c0f',10.0000,'2026-05-04 03:27:10'),(376,'56267bb0-0d8c-449b-866e-c0a5f5048392','74d6e443-5c90-4b19-b234-af5073fd1495',25.0000,'2026-05-04 03:27:10'),(377,'56267bb0-0d8c-449b-866e-c0a5f5048392','838d220a-0497-49cc-8f59-0c211e9876f2',75.0000,'2026-05-04 03:27:10'),(378,'56267bb0-0d8c-449b-866e-c0a5f5048392','a222c1fe-792d-4128-a0b6-c50d3e7be9ea',180.0000,'2026-05-03 03:00:56'),(379,'56267bb0-0d8c-449b-866e-c0a5f5048392','09e2024b-afc9-4023-b043-896bb385770c',180.0000,'2026-05-02 02:56:28'),(380,'56267bb0-0d8c-449b-866e-c0a5f5048392','232633bf-0beb-42aa-939d-56e0b27f1387',270.0000,'2026-05-04 03:27:10'),(381,'56267bb0-0d8c-449b-866e-c0a5f5048392','5e8f7d1c-9c24-42cb-ab29-eb70ecad67d2',9.0000,'2026-05-03 03:04:07'),(382,'56267bb0-0d8c-449b-866e-c0a5f5048392','e89cfbad-9429-4933-b0e4-9f2c5b96db0b',2.0000,'2026-05-01 02:56:43'),(383,'56267bb0-0d8c-449b-866e-c0a5f5048392','3a719ab6-2120-4de0-9f7e-d858f90c2507',315.0000,'2026-05-04 12:57:48'),(384,'56267bb0-0d8c-449b-866e-c0a5f5048392','54da7151-c4a7-481b-b6f9-c65bd15a5c7c',0.0000,'2026-05-04 03:29:00'),(385,'56267bb0-0d8c-449b-866e-c0a5f5048392','2e3fa010-51a3-467e-bd46-cb5c6e605750',210.0000,'2026-05-04 12:59:41'),(386,'56267bb0-0d8c-449b-866e-c0a5f5048392','c4002549-b88d-4153-9b7d-808396215249',90.0000,'2026-05-01 03:34:37'),(387,'56267bb0-0d8c-449b-866e-c0a5f5048392','c9a810de-81b7-4f33-b6e6-0773156afddd',3.0000,'2026-05-04 03:29:00'),(388,'56267bb0-0d8c-449b-866e-c0a5f5048392','e2968e29-a29f-4ae1-9235-c6e19782a698',640.0000,'2026-05-04 03:27:10'),(389,'56267bb0-0d8c-449b-866e-c0a5f5048392','3ace1135-637d-4b47-b9d5-aa206e63b62f',460.0000,'2026-05-03 03:00:57'),(390,'56267bb0-0d8c-449b-866e-c0a5f5048392','6f26ec4a-64c7-4916-8c63-47bd21e90857',50.0000,'2026-05-03 03:03:06'),(391,'56267bb0-0d8c-449b-866e-c0a5f5048392','a5d09ab8-cb81-49ab-b544-4f051a45d386',2.0000,'2026-05-04 12:57:48'),(392,'56267bb0-0d8c-449b-866e-c0a5f5048392','793c9e38-effd-4cd7-81a5-524652c2f1ec',48.0000,'2026-04-30 15:57:58'),(393,'56267bb0-0d8c-449b-866e-c0a5f5048392','1c7f60eb-24e3-426b-87fa-9e64bacbbc36',0.0000,'2026-04-27 13:02:12'),(394,'56267bb0-0d8c-449b-866e-c0a5f5048392','ceebb127-e55b-45f6-a0d0-a51e486e0229',0.0000,'2026-04-27 13:02:12'),(395,'56267bb0-0d8c-449b-866e-c0a5f5048392','5495f60e-d271-4939-818e-b65af180417b',0.0000,'2026-04-23 08:38:09'),(396,'56267bb0-0d8c-449b-866e-c0a5f5048392','1bbee04f-86a0-49dd-850a-b7eb60e244a6',65.0000,'2026-04-30 03:03:37'),(397,'56267bb0-0d8c-449b-866e-c0a5f5048392','9779bf0b-93bd-4bf8-ad21-c33cabc30253',130.0000,'2026-05-03 03:00:56'),(398,'56267bb0-0d8c-449b-866e-c0a5f5048392','c558681c-2ae5-48bd-a42e-3be7be21a9b7',625.0000,'2026-04-30 15:57:58'),(399,'56267bb0-0d8c-449b-866e-c0a5f5048392','310c04f3-d9f2-4467-a5d3-b549b8901f60',0.0000,'2026-05-03 03:03:06'),(400,'56267bb0-0d8c-449b-866e-c0a5f5048392','b4e4e98f-baec-4804-8fea-57f35235f9b6',110.0000,'2026-05-01 02:56:43'),(401,'56267bb0-0d8c-449b-866e-c0a5f5048392','ee9f8d78-b8a9-4838-80e6-2bcf631324b3',540.0000,'2026-05-04 03:27:10'),(402,'56267bb0-0d8c-449b-866e-c0a5f5048392','9def77da-aa55-4cb3-82f4-522ad7715927',60.0000,'2026-05-03 03:00:56'),(403,'56267bb0-0d8c-449b-866e-c0a5f5048392','cb833e75-27e1-4e01-ad37-75243830eba7',12.0000,'2026-05-04 03:29:00'),(404,'56267bb0-0d8c-449b-866e-c0a5f5048392','0d6d7763-a540-4527-912a-89fbaf9f0ed4',3.0000,'2026-04-23 08:38:09'),(405,'56267bb0-0d8c-449b-866e-c0a5f5048392','9f8dffb7-0dc3-4234-919c-d4aeb4dd78ba',12.0000,'2026-05-03 03:00:56'),(406,'56267bb0-0d8c-449b-866e-c0a5f5048392','7242aab2-7213-4f1e-8212-d8a6647bf6a9',56.0000,'2026-05-04 03:27:10'),(407,'56267bb0-0d8c-449b-866e-c0a5f5048392','158230c2-e34a-4d5e-a336-2ccccd583400',8.0000,'2026-05-04 12:58:48'),(408,'56267bb0-0d8c-449b-866e-c0a5f5048392','a3481d1b-bb6d-41be-be7b-ed6a82184b8e',24.0000,'2026-04-23 08:38:09'),(409,'56267bb0-0d8c-449b-866e-c0a5f5048392','8dbb3c4d-ebd3-4418-8be4-bfad365c859c',44.0000,'2026-05-04 03:27:10'),(410,'56267bb0-0d8c-449b-866e-c0a5f5048392','0c38f559-fca9-4c82-85f3-5ac835840460',100.0000,'2026-04-30 03:03:37'),(411,'56267bb0-0d8c-449b-866e-c0a5f5048392','46403eb2-eeb9-493e-a603-57e6c3c77930',180.0000,'2026-05-04 03:27:10'),(412,'56267bb0-0d8c-449b-866e-c0a5f5048392','b6749a2c-b887-4632-a66b-c87fc077f4d1',390.0000,'2026-05-04 03:27:10'),(413,'56267bb0-0d8c-449b-866e-c0a5f5048392','c948efee-9989-4fc6-9f89-8a30a89bfd21',47.0000,'2026-05-04 12:59:41'),(414,'56267bb0-0d8c-449b-866e-c0a5f5048392','b7023456-3f4b-491a-9a87-c4ef57e2158f',2.0000,'2026-05-04 12:59:41'),(415,'56267bb0-0d8c-449b-866e-c0a5f5048392','902e8f4f-ddfc-46e3-bdd5-5062de73a1d2',145.0000,'2026-05-04 03:27:10'),(416,'56267bb0-0d8c-449b-866e-c0a5f5048392','0c82bbd5-3ca2-4e09-a976-0668a83312b5',24.0000,'2026-05-04 03:29:00'),(417,'56267bb0-0d8c-449b-866e-c0a5f5048392','9c65aed9-b08e-4f8d-b0df-06d431d51ed2',0.0000,'2026-05-01 02:56:43'),(418,'56267bb0-0d8c-449b-866e-c0a5f5048392','528dd0f9-59ef-479f-9bcb-decdd3c223d8',0.0000,'2026-04-27 13:02:12'),(419,'56267bb0-0d8c-449b-866e-c0a5f5048392','52910c5d-1448-4109-8c02-5f447ec87220',0.0000,'2026-04-27 13:02:12'),(420,'56267bb0-0d8c-449b-866e-c0a5f5048392','ae2418be-15cc-4643-b74a-5fa46f908a87',12.0000,'2026-05-02 02:54:49'),(421,'56267bb0-0d8c-449b-866e-c0a5f5048392','6483295f-35d3-4ff9-bb28-3d7b322b8844',50.0000,'2026-05-04 12:57:48'),(422,'56267bb0-0d8c-449b-866e-c0a5f5048392','3e5baf4c-91bc-4542-87b1-62bc4cd2d1c5',0.0000,'2026-05-02 02:54:49'),(423,'56267bb0-0d8c-449b-866e-c0a5f5048392','c5a85693-ccec-430a-b106-f34170d94b52',1.0000,'2026-05-01 02:56:43'),(424,'56267bb0-0d8c-449b-866e-c0a5f5048392','258e0b99-2b60-4eed-aa4d-90a1d192fb52',48.0000,'2026-05-01 03:06:35'),(425,'56267bb0-0d8c-449b-866e-c0a5f5048392','f39b7dac-dd61-4d8f-8a18-5e2d6348e23c',80.0000,'2026-05-04 12:57:48'),(426,'56267bb0-0d8c-449b-866e-c0a5f5048392','35f40b80-2669-4f8c-ab14-31faad685fb6',11.0000,'2026-05-03 03:00:57'),(427,'56267bb0-0d8c-449b-866e-c0a5f5048392','f0527c87-1496-4d20-b96c-71facd0d5816',4.9300,'2026-05-04 03:27:58'),(428,'56267bb0-0d8c-449b-866e-c0a5f5048392','a524d43c-93b7-481a-9f5b-f83348975f0f',120.0000,'2026-05-04 03:29:46'),(448,'56267bb0-0d8c-449b-866e-c0a5f5048392','ef3afd92-42a7-4181-aa3b-2b1425083164',22.0000,'2026-05-04 03:30:10'),(454,'56267bb0-0d8c-449b-866e-c0a5f5048392','9538d47d-4196-483e-92c6-cc47365b9321',4.0000,'2026-04-23 08:36:32'),(461,'56267bb0-0d8c-449b-866e-c0a5f5048392','77c4a814-308e-4452-aca9-d834afedcbbb',80.0000,'2026-04-23 08:36:32'),(463,'56267bb0-0d8c-449b-866e-c0a5f5048392','ed56a11e-eb23-4e57-a007-015e0c0eb34b',350.0000,'2026-05-04 03:29:00'),(481,'56267bb0-0d8c-449b-866e-c0a5f5048392','ea2bd839-5aa6-4466-a579-53056a4590a7',0.0000,'2026-04-27 13:02:12'),(482,'56267bb0-0d8c-449b-866e-c0a5f5048392','cd2ca38a-a947-4f3a-8322-c2e4ec7eae5f',300.0000,'2026-05-03 03:00:57'),(484,'56267bb0-0d8c-449b-866e-c0a5f5048392','413f38ef-5184-4756-a5b5-591d0b463d90',1025.0000,'2026-04-23 08:36:32'),(485,'56267bb0-0d8c-449b-866e-c0a5f5048392','1e796aee-bc98-499f-b68e-a54f14363d48',4.0000,'2026-04-23 08:36:32'),(486,'56267bb0-0d8c-449b-866e-c0a5f5048392','86e123c3-57f5-44c9-abb1-4d1e6689f899',4.0000,'2026-04-23 08:36:32'),(489,'56267bb0-0d8c-449b-866e-c0a5f5048392','1e43fa58-cdea-4945-ba8e-e1afcb802ccb',70.0000,'2026-04-23 08:36:32'),(492,'56267bb0-0d8c-449b-866e-c0a5f5048392','90a8c832-02f7-4b7c-9c6e-66217acaa9ac',28.0000,'2026-04-30 03:03:37'),(497,'56267bb0-0d8c-449b-866e-c0a5f5048392','a84c9180-6dd2-4497-b137-9756088496c7',1.0000,'2026-04-23 08:36:32'),(501,'56267bb0-0d8c-449b-866e-c0a5f5048392','aa2df47b-c07c-4733-9a80-9317fc596f87',8.0000,'2026-04-23 08:36:32'),(902,'56267bb0-0d8c-449b-866e-c0a5f5048392','168a3372-9c90-48e7-96bc-405db3006563',4.0000,'2026-04-27 13:05:15'),(903,'56267bb0-0d8c-449b-866e-c0a5f5048392','32c0d61c-9c7d-48e6-9a3c-e1eed210c66a',0.0000,'2026-05-04 03:29:00'),(911,'56267bb0-0d8c-449b-866e-c0a5f5048392','5d5342d5-5e5a-4ecb-b33c-7497dc3baaee',6.0000,'2026-05-03 03:04:07'),(912,'56267bb0-0d8c-449b-866e-c0a5f5048392','bec0746f-7fd1-40a4-b0db-9007ca124d27',2.0000,'2026-04-30 03:09:43'),(913,'56267bb0-0d8c-449b-866e-c0a5f5048392','8b27f47b-655f-48e9-a0c0-bc899ab56f8e',0.0000,'2026-04-30 15:59:31');
/*!40000 ALTER TABLE `stock` ENABLE KEYS */;
UNLOCK TABLES;

--
-- Table structure for table `system_settings`
--

DROP TABLE IF EXISTS `system_settings`;
/*!40101 SET @saved_cs_client     = @@character_set_client */;
/*!50503 SET character_set_client = utf8mb4 */;
CREATE TABLE `system_settings` (
  `setting_key` varchar(50) NOT NULL,
  `setting_value` longtext,
  `updated_at` timestamp NULL DEFAULT CURRENT_TIMESTAMP ON UPDATE CURRENT_TIMESTAMP,
  PRIMARY KEY (`setting_key`)
) ENGINE=InnoDB DEFAULT CHARSET=utf8mb4 COLLATE=utf8mb4_0900_ai_ci;
/*!40101 SET character_set_client = @saved_cs_client */;

--
-- Dumping data for table `system_settings`
--

LOCK TABLES `system_settings` WRITE;
/*!40000 ALTER TABLE `system_settings` DISABLE KEYS */;
INSERT INTO `system_settings` VALUES ('gsheet_url','https://script.google.com/macros/s/AKfycbyuDLlXbe51VlX9KKg50W4fRKRQtnfmDBVZfHRclWcNs1MbHFb07ot9RdLE1w2h5TGABg/exec','2026-04-24 04:31:41');
/*!40000 ALTER TABLE `system_settings` ENABLE KEYS */;
UNLOCK TABLES;

--
-- Table structure for table `transaction_items`
--

DROP TABLE IF EXISTS `transaction_items`;
/*!40101 SET @saved_cs_client     = @@character_set_client */;
/*!50503 SET character_set_client = utf8mb4 */;
CREATE TABLE `transaction_items` (
  `id` int NOT NULL AUTO_INCREMENT,
  `transaction_id` char(36) NOT NULL,
  `item_id` char(36) NOT NULL,
  `qty` decimal(15,4) NOT NULL,
  `unit` varchar(20) NOT NULL,
  `conversion_ratio` decimal(10,4) DEFAULT '1.0000',
  `base_qty` decimal(15,4) NOT NULL,
  `note` varchar(255) DEFAULT NULL,
  PRIMARY KEY (`id`),
  KEY `transaction_id` (`transaction_id`),
  KEY `item_id` (`item_id`),
  CONSTRAINT `transaction_items_ibfk_1` FOREIGN KEY (`transaction_id`) REFERENCES `transactions` (`id`) ON DELETE CASCADE,
  CONSTRAINT `transaction_items_ibfk_2` FOREIGN KEY (`item_id`) REFERENCES `items` (`id`)
) ENGINE=InnoDB AUTO_INCREMENT=1139 DEFAULT CHARSET=utf8mb4 COLLATE=utf8mb4_0900_ai_ci;
/*!40101 SET character_set_client = @saved_cs_client */;

--
-- Dumping data for table `transaction_items`
--

LOCK TABLES `transaction_items` WRITE;
/*!40000 ALTER TABLE `transaction_items` DISABLE KEYS */;
INSERT INTO `transaction_items` VALUES (158,'7ea9d3b6-6757-4a7a-850e-afcba1e497d0','a7aa07b5-5738-4b4f-89e0-717e3cbd1b86',1.0000,'KG',1.0000,1.0000,'Import Excel'),(159,'7ea9d3b6-6757-4a7a-850e-afcba1e497d0','7f1d5a40-9191-4922-9885-3fb1d51e4e99',104.0000,'KG',1.0000,104.0000,'Import Excel'),(160,'7ea9d3b6-6757-4a7a-850e-afcba1e497d0','06f71892-bb6a-488d-89ed-da7e634fe629',384.0000,'DUS',1.0000,384.0000,'Import Excel'),(161,'7ea9d3b6-6757-4a7a-850e-afcba1e497d0','2b59f889-9afa-47e1-8aa4-c0774a7e2785',120.0000,'PRS',1.0000,120.0000,'Import Excel'),(162,'7ea9d3b6-6757-4a7a-850e-afcba1e497d0','8cc8e3af-dc74-4af4-ae4d-6b226502ebe1',160.0000,'PRS',1.0000,160.0000,'Import Excel'),(163,'7ea9d3b6-6757-4a7a-850e-afcba1e497d0','f0b30684-75df-426f-8d55-d706f550e022',315.0000,'PCS',1.0000,315.0000,'Import Excel'),(164,'7ea9d3b6-6757-4a7a-850e-afcba1e497d0','d0d1fcd4-0e8f-4d4c-a402-8dc3cff2b278',588.0000,'PCS',1.0000,588.0000,'Import Excel'),(165,'7ea9d3b6-6757-4a7a-850e-afcba1e497d0','76a220dd-a721-4c00-89fe-1cc6cb6bdd23',189.0000,'PCS',1.0000,189.0000,'Import Excel'),(166,'7ea9d3b6-6757-4a7a-850e-afcba1e497d0','cd9e8115-ba0e-4837-8d7d-bf4f21c94c2a',147.0000,'PCS',1.0000,147.0000,'Import Excel'),(167,'7ea9d3b6-6757-4a7a-850e-afcba1e497d0','9932e5de-5e8d-43b4-826d-9bcdf2d6e8b7',273.0000,'PCS',1.0000,273.0000,'Import Excel'),(168,'7ea9d3b6-6757-4a7a-850e-afcba1e497d0','9763f01f-6cc0-4b52-9cf7-7a0af764977f',2520.0000,'PCS',1.0000,2520.0000,'Import Excel'),(169,'7ea9d3b6-6757-4a7a-850e-afcba1e497d0','006b663f-414d-4c13-85ba-23f28f0d5b71',250.0000,'PRS',1.0000,250.0000,'Import Excel'),(170,'7ea9d3b6-6757-4a7a-850e-afcba1e497d0','3a7fab10-5677-4c12-9fa4-713fe2deb847',250.0000,'PRS',1.0000,250.0000,'Import Excel'),(171,'7ea9d3b6-6757-4a7a-850e-afcba1e497d0','81f5381d-c44a-4180-a668-147ce26c6bba',120.0000,'PCS',1.0000,120.0000,'Import Excel'),(172,'7ea9d3b6-6757-4a7a-850e-afcba1e497d0','898323c9-9347-4381-a083-e081853e78ff',20.0000,'KG',1.0000,20.0000,'Import Excel'),(173,'7ea9d3b6-6757-4a7a-850e-afcba1e497d0','30631d57-df5d-46b6-a2d2-6afbacb113ed',210.0000,'PCS',1.0000,210.0000,'Import Excel'),(174,'7ea9d3b6-6757-4a7a-850e-afcba1e497d0','cd39e497-fe46-4f18-b145-04b75d81f890',750.0000,'PCS',1.0000,750.0000,'Import Excel'),(175,'7ea9d3b6-6757-4a7a-850e-afcba1e497d0','2d447cdd-e193-413b-9dba-74c90b8fa852',100.0000,'PRS',1.0000,100.0000,'Import Excel'),(176,'7ea9d3b6-6757-4a7a-850e-afcba1e497d0','116c5453-2821-4c6d-8ee0-d9660e60cfb6',150.0000,'KRG',1.0000,150.0000,'Import Excel'),(177,'7ea9d3b6-6757-4a7a-850e-afcba1e497d0','22090c01-d57a-4aa1-9b0a-0340ba3effe3',9.0000,'PAC',1.0000,9.0000,'Import Excel'),(178,'7ea9d3b6-6757-4a7a-850e-afcba1e497d0','f1a5852c-7ef1-4c26-89b4-015abf46c1c4',96.0000,'DUS',1.0000,96.0000,'Import Excel'),(179,'7ea9d3b6-6757-4a7a-850e-afcba1e497d0','b4d771ac-5c55-4354-9474-66ec58ff3584',48.0000,'DUS',1.0000,48.0000,'Import Excel'),(180,'7ea9d3b6-6757-4a7a-850e-afcba1e497d0','d53de0eb-ec7b-498e-b647-34d3d63b0c1f',48.0000,'DUS',1.0000,48.0000,'Import Excel'),(181,'7ea9d3b6-6757-4a7a-850e-afcba1e497d0','0a20b01c-c45b-4bd6-a34a-4e82c4966b1b',6.0000,'PAC',1.0000,6.0000,'Import Excel'),(182,'7ea9d3b6-6757-4a7a-850e-afcba1e497d0','01f1b87b-8959-4ae8-9fcf-7fe1d7323dd6',432.0000,'PCS',1.0000,432.0000,'Import Excel'),(183,'7ea9d3b6-6757-4a7a-850e-afcba1e497d0','caf1b831-72a1-4148-b130-15083dfcbfae',2.0000,'KG',1.0000,2.0000,'Import Excel'),(184,'7ea9d3b6-6757-4a7a-850e-afcba1e497d0','4fc619e6-4cf2-441f-b149-56c1eb0cdd78',270.0000,'PRS',1.0000,270.0000,'Import Excel'),(185,'7ea9d3b6-6757-4a7a-850e-afcba1e497d0','c5e64aba-39c7-42c4-bdc4-e694d18df851',50.0000,'PRS',1.0000,50.0000,'Import Excel'),(186,'7ea9d3b6-6757-4a7a-850e-afcba1e497d0','acbd7a61-6e0c-46b1-b17f-d02a2d796d4d',1500.0000,'PRS',1.0000,1500.0000,'Import Excel'),(187,'7ea9d3b6-6757-4a7a-850e-afcba1e497d0','9d529a51-5222-4f24-a5e9-297338c677b6',40.0000,'PRS',1.0000,40.0000,'Import Excel'),(188,'7ea9d3b6-6757-4a7a-850e-afcba1e497d0','4762d0d8-eed5-4e61-a135-c3a99ab6378d',20.0000,'PRS',1.0000,20.0000,'Import Excel'),(189,'7ea9d3b6-6757-4a7a-850e-afcba1e497d0','86e0def6-c17f-4e8e-beb4-41010a986361',60.0000,'PRS',1.0000,60.0000,'Import Excel'),(190,'7ea9d3b6-6757-4a7a-850e-afcba1e497d0','fbc9d662-f549-4abd-bb01-4fb749e7d344',57.0000,'KG',1.0000,57.0000,'Import Excel'),(191,'7ea9d3b6-6757-4a7a-850e-afcba1e497d0','7bea32a3-04f4-44e0-9e82-d2d0f17dfc0b',174.0000,'PAC',1.0000,174.0000,'Import Excel'),(192,'7ea9d3b6-6757-4a7a-850e-afcba1e497d0','d82ceff6-f6f7-4de0-bc94-34b485d58f93',48.0000,'DUS',1.0000,48.0000,'Import Excel'),(193,'7ea9d3b6-6757-4a7a-850e-afcba1e497d0','c850b46c-c225-4ccc-9bb2-cabf0869efd6',20.0000,'KRT',1.0000,20.0000,'Import Excel'),(194,'7ea9d3b6-6757-4a7a-850e-afcba1e497d0','a1c82d7f-54ed-4d41-9f88-5ae07379000e',32.0000,'DUS',1.0000,32.0000,'Import Excel'),(195,'7ea9d3b6-6757-4a7a-850e-afcba1e497d0','e73b7e2c-b77f-4ae6-9e15-f6a9c87687a5',48.0000,'DUS',1.0000,48.0000,'Import Excel'),(196,'7ea9d3b6-6757-4a7a-850e-afcba1e497d0','94ddcfe7-3916-4277-b4b1-9a0d79e02864',100.0000,'PCS',1.0000,100.0000,'Import Excel'),(197,'7ea9d3b6-6757-4a7a-850e-afcba1e497d0','f527d9c4-8fbc-4d4b-b167-53325792e11f',240.0000,'PCS',1.0000,240.0000,'Import Excel'),(198,'7ea9d3b6-6757-4a7a-850e-afcba1e497d0','9c5a0c4a-de0b-4b48-bde9-cf276f53d2a5',600.0000,'PCS',1.0000,600.0000,'Import Excel'),(199,'7ea9d3b6-6757-4a7a-850e-afcba1e497d0','0107a91e-10c1-4a5f-8f6d-569d73c286bb',1800.0000,'PRS',1.0000,1800.0000,'Import Excel'),(200,'7ea9d3b6-6757-4a7a-850e-afcba1e497d0','efcf339d-7048-4107-971c-d3e3a73eda5e',30.0000,'KG',1.0000,30.0000,'Import Excel'),(201,'7ea9d3b6-6757-4a7a-850e-afcba1e497d0','5bc82d8d-8968-4fd4-8080-a90cd3736887',200.0000,'KG',1.0000,200.0000,'Import Excel'),(202,'7ea9d3b6-6757-4a7a-850e-afcba1e497d0','a134c1ee-11aa-402e-905d-3f00bb3dcd3b',220.0000,'KG',1.0000,220.0000,'Import Excel'),(203,'7ea9d3b6-6757-4a7a-850e-afcba1e497d0','629e8f8f-8f46-4a3b-955c-5de2ae98195b',150.0000,'KG',1.0000,150.0000,'Import Excel'),(204,'7ea9d3b6-6757-4a7a-850e-afcba1e497d0','a1e911c1-7158-4dfc-af1f-9ee14bed511b',140.0000,'KG',1.0000,140.0000,'Import Excel'),(205,'7ea9d3b6-6757-4a7a-850e-afcba1e497d0','2abed24e-28db-41f6-a931-2dfef5794fc8',35.0000,'KG',1.0000,35.0000,'Import Excel'),(206,'7ea9d3b6-6757-4a7a-850e-afcba1e497d0','ccffe407-4044-4910-895c-690f8b346a20',90.0000,'KG',1.0000,90.0000,'Import Excel'),(207,'7ea9d3b6-6757-4a7a-850e-afcba1e497d0','7d354e1a-25ad-4859-966a-af9b39715a11',20.0000,'KG',1.0000,20.0000,'Import Excel'),(208,'7ea9d3b6-6757-4a7a-850e-afcba1e497d0','770a6bb7-c51d-4ec0-9903-540124ae1198',40.0000,'PRS',1.0000,40.0000,'Import Excel'),(209,'7ea9d3b6-6757-4a7a-850e-afcba1e497d0','3576cbf9-aac0-4750-9060-8b923ee5ff6f',1.0000,'DRG',1.0000,1.0000,'Import Excel'),(210,'7ea9d3b6-6757-4a7a-850e-afcba1e497d0','b14b58b1-0085-4fb6-bd56-4ef7ef21e9b4',20.0000,'KG',1.0000,20.0000,'Import Excel'),(211,'7ea9d3b6-6757-4a7a-850e-afcba1e497d0','bca210ab-731f-46ad-8729-a27f18051a2a',46.0000,'PRS',1.0000,46.0000,'Import Excel'),(212,'7ea9d3b6-6757-4a7a-850e-afcba1e497d0','a8a7b97f-3ed2-4e6d-a01d-1b58420a99af',8.0000,'BTG',1.0000,8.0000,'Import Excel'),(213,'7ea9d3b6-6757-4a7a-850e-afcba1e497d0','b9a0520e-e9a0-42c8-b46b-12879eb828f2',91.0000,'PRS',1.0000,91.0000,'Import Excel'),(214,'7ea9d3b6-6757-4a7a-850e-afcba1e497d0','0b89fa82-8572-473f-965b-689ed8e8abd1',15.0000,'KG',1.0000,15.0000,'Import Excel'),(215,'7ea9d3b6-6757-4a7a-850e-afcba1e497d0','803b4852-6bd9-41a6-8e0a-3efcce786195',45.0000,'KG',1.0000,45.0000,'Import Excel'),(216,'7ea9d3b6-6757-4a7a-850e-afcba1e497d0','48af6e8c-7886-40e6-ac84-ac49e452a9e5',320.0000,'PRS',1.0000,320.0000,'Import Excel'),(217,'7ea9d3b6-6757-4a7a-850e-afcba1e497d0','5d49d285-2a89-4300-a47a-83ae8dcf54ec',60.0000,'PRS',1.0000,60.0000,'Import Excel'),(218,'7ea9d3b6-6757-4a7a-850e-afcba1e497d0','5f51580c-9017-4127-a8e7-87f886a62c0f',120.0000,'PRS',1.0000,120.0000,'Import Excel'),(219,'7ea9d3b6-6757-4a7a-850e-afcba1e497d0','74d6e443-5c90-4b19-b234-af5073fd1495',50.0000,'PRS',1.0000,50.0000,'Import Excel'),(220,'7ea9d3b6-6757-4a7a-850e-afcba1e497d0','838d220a-0497-49cc-8f59-0c211e9876f2',180.0000,'PRS',1.0000,180.0000,'Import Excel'),(221,'7ea9d3b6-6757-4a7a-850e-afcba1e497d0','a222c1fe-792d-4128-a0b6-c50d3e7be9ea',375.0000,'PRS',1.0000,375.0000,'Import Excel'),(222,'7ea9d3b6-6757-4a7a-850e-afcba1e497d0','09e2024b-afc9-4023-b043-896bb385770c',600.0000,'PRS',1.0000,600.0000,'Import Excel'),(223,'7ea9d3b6-6757-4a7a-850e-afcba1e497d0','232633bf-0beb-42aa-939d-56e0b27f1387',975.0000,'PRS',1.0000,975.0000,'Import Excel'),(224,'7ea9d3b6-6757-4a7a-850e-afcba1e497d0','5e8f7d1c-9c24-42cb-ab29-eb70ecad67d2',12.0000,'KLG',1.0000,12.0000,'Import Excel'),(225,'7ea9d3b6-6757-4a7a-850e-afcba1e497d0','e89cfbad-9429-4933-b0e4-9f2c5b96db0b',6.0000,'BTL',1.0000,6.0000,'Import Excel'),(226,'7ea9d3b6-6757-4a7a-850e-afcba1e497d0','3a719ab6-2120-4de0-9f7e-d858f90c2507',1260.0000,'PCS',1.0000,1260.0000,'Import Excel'),(227,'7ea9d3b6-6757-4a7a-850e-afcba1e497d0','54da7151-c4a7-481b-b6f9-c65bd15a5c7c',150.0000,'PCS',1.0000,150.0000,'Import Excel'),(228,'7ea9d3b6-6757-4a7a-850e-afcba1e497d0','2e3fa010-51a3-467e-bd46-cb5c6e605750',60.0000,'PAC',1.0000,60.0000,'Import Excel'),(229,'7ea9d3b6-6757-4a7a-850e-afcba1e497d0','c4002549-b88d-4153-9b7d-808396215249',540.0000,'PAC',1.0000,540.0000,'Import Excel'),(230,'7ea9d3b6-6757-4a7a-850e-afcba1e497d0','c9a810de-81b7-4f33-b6e6-0773156afddd',24.0000,'KG',1.0000,24.0000,'Import Excel'),(231,'7ea9d3b6-6757-4a7a-850e-afcba1e497d0','e2968e29-a29f-4ae1-9235-c6e19782a698',3200.0000,'PRS',1.0000,3200.0000,'Import Excel'),(232,'7ea9d3b6-6757-4a7a-850e-afcba1e497d0','3ace1135-637d-4b47-b9d5-aa206e63b62f',1620.0000,'PRS',1.0000,1620.0000,'Import Excel'),(233,'7ea9d3b6-6757-4a7a-850e-afcba1e497d0','6f26ec4a-64c7-4916-8c63-47bd21e90857',200.0000,'PAC',1.0000,200.0000,'Import Excel'),(234,'7ea9d3b6-6757-4a7a-850e-afcba1e497d0','a5d09ab8-cb81-49ab-b544-4f051a45d386',6.0000,'DUS',1.0000,6.0000,'Import Excel'),(235,'7ea9d3b6-6757-4a7a-850e-afcba1e497d0','793c9e38-effd-4cd7-81a5-524652c2f1ec',96.0000,'KG',1.0000,96.0000,'Import Excel'),(236,'7ea9d3b6-6757-4a7a-850e-afcba1e497d0','1c7f60eb-24e3-426b-87fa-9e64bacbbc36',48.0000,'PRS',1.0000,48.0000,'Import Excel'),(237,'7ea9d3b6-6757-4a7a-850e-afcba1e497d0','ceebb127-e55b-45f6-a0d0-a51e486e0229',108.0000,'PRS',1.0000,108.0000,'Import Excel'),(238,'7ea9d3b6-6757-4a7a-850e-afcba1e497d0','5495f60e-d271-4939-818e-b65af180417b',20.0000,'PRS',1.0000,20.0000,'Import Excel'),(239,'7ea9d3b6-6757-4a7a-850e-afcba1e497d0','1bbee04f-86a0-49dd-850a-b7eb60e244a6',156.0000,'PRS',1.0000,156.0000,'Import Excel'),(240,'7ea9d3b6-6757-4a7a-850e-afcba1e497d0','9779bf0b-93bd-4bf8-ad21-c33cabc30253',442.0000,'PRS',1.0000,442.0000,'Import Excel'),(241,'7ea9d3b6-6757-4a7a-850e-afcba1e497d0','c558681c-2ae5-48bd-a42e-3be7be21a9b7',500.0000,'PCS',1.0000,500.0000,'Import Excel'),(242,'7ea9d3b6-6757-4a7a-850e-afcba1e497d0','310c04f3-d9f2-4467-a5d3-b549b8901f60',96.0000,'DUS',1.0000,96.0000,'Import Excel'),(243,'7ea9d3b6-6757-4a7a-850e-afcba1e497d0','b4e4e98f-baec-4804-8fea-57f35235f9b6',110.0000,'PRS',1.0000,110.0000,'Import Excel'),(244,'7ea9d3b6-6757-4a7a-850e-afcba1e497d0','ee9f8d78-b8a9-4838-80e6-2bcf631324b3',1300.0000,'PRS',1.0000,1300.0000,'Import Excel'),(245,'7ea9d3b6-6757-4a7a-850e-afcba1e497d0','9def77da-aa55-4cb3-82f4-522ad7715927',360.0000,'PRS',1.0000,360.0000,'Import Excel'),(246,'7ea9d3b6-6757-4a7a-850e-afcba1e497d0','cb833e75-27e1-4e01-ad37-75243830eba7',116.0000,'KG',1.0000,116.0000,'Import Excel'),(247,'7ea9d3b6-6757-4a7a-850e-afcba1e497d0','0d6d7763-a540-4527-912a-89fbaf9f0ed4',3.0000,'KG',1.0000,3.0000,'Import Excel'),(248,'7ea9d3b6-6757-4a7a-850e-afcba1e497d0','9f8dffb7-0dc3-4234-919c-d4aeb4dd78ba',21.0000,'KG',1.0000,21.0000,'Import Excel'),(249,'7ea9d3b6-6757-4a7a-850e-afcba1e497d0','7242aab2-7213-4f1e-8212-d8a6647bf6a9',176.0000,'KG',1.0000,176.0000,'Import Excel'),(250,'7ea9d3b6-6757-4a7a-850e-afcba1e497d0','158230c2-e34a-4d5e-a336-2ccccd583400',28.0000,'KG',1.0000,28.0000,'Import Excel'),(251,'7ea9d3b6-6757-4a7a-850e-afcba1e497d0','a3481d1b-bb6d-41be-be7b-ed6a82184b8e',24.0000,'KLG',1.0000,24.0000,'Import Excel'),(252,'7ea9d3b6-6757-4a7a-850e-afcba1e497d0','8dbb3c4d-ebd3-4418-8be4-bfad365c859c',68.0000,'KG',1.0000,68.0000,'Import Excel'),(253,'7ea9d3b6-6757-4a7a-850e-afcba1e497d0','0c38f559-fca9-4c82-85f3-5ac835840460',165.0000,'PRS',1.0000,165.0000,'Import Excel'),(254,'7ea9d3b6-6757-4a7a-850e-afcba1e497d0','46403eb2-eeb9-493e-a603-57e6c3c77930',525.0000,'PRS',1.0000,525.0000,'Import Excel'),(255,'7ea9d3b6-6757-4a7a-850e-afcba1e497d0','b6749a2c-b887-4632-a66b-c87fc077f4d1',1275.0000,'PRS',1.0000,1275.0000,'Import Excel'),(256,'7ea9d3b6-6757-4a7a-850e-afcba1e497d0','c948efee-9989-4fc6-9f89-8a30a89bfd21',96.0000,'KLG',1.0000,96.0000,'Import Excel'),(257,'7ea9d3b6-6757-4a7a-850e-afcba1e497d0','b7023456-3f4b-491a-9a87-c4ef57e2158f',5.0000,'PAC',1.0000,5.0000,'Import Excel'),(258,'7ea9d3b6-6757-4a7a-850e-afcba1e497d0','902e8f4f-ddfc-46e3-bdd5-5062de73a1d2',300.0000,'PRS',1.0000,300.0000,'Import Excel'),(259,'7ea9d3b6-6757-4a7a-850e-afcba1e497d0','0c82bbd5-3ca2-4e09-a976-0668a83312b5',12.0000,'DUS',1.0000,12.0000,'Import Excel'),(260,'7ea9d3b6-6757-4a7a-850e-afcba1e497d0','9c65aed9-b08e-4f8d-b0df-06d431d51ed2',10.0000,'KG',1.0000,10.0000,'Import Excel'),(261,'7ea9d3b6-6757-4a7a-850e-afcba1e497d0','528dd0f9-59ef-479f-9bcb-decdd3c223d8',150.0000,'PRS',1.0000,150.0000,'Import Excel'),(262,'7ea9d3b6-6757-4a7a-850e-afcba1e497d0','52910c5d-1448-4109-8c02-5f447ec87220',180.0000,'PCS',1.0000,180.0000,'Import Excel'),(263,'7ea9d3b6-6757-4a7a-850e-afcba1e497d0','ae2418be-15cc-4643-b74a-5fa46f908a87',27.0000,'SET',1.0000,27.0000,'Import Excel'),(264,'7ea9d3b6-6757-4a7a-850e-afcba1e497d0','6483295f-35d3-4ff9-bb28-3d7b322b8844',140.0000,'KG',1.0000,140.0000,'Import Excel'),(265,'7ea9d3b6-6757-4a7a-850e-afcba1e497d0','3e5baf4c-91bc-4542-87b1-62bc4cd2d1c5',0.2000,'PAC',1.0000,0.2000,'Import Excel'),(266,'7ea9d3b6-6757-4a7a-850e-afcba1e497d0','c5a85693-ccec-430a-b106-f34170d94b52',1.0000,'KG',1.0000,1.0000,'Import Excel'),(267,'7ea9d3b6-6757-4a7a-850e-afcba1e497d0','258e0b99-2b60-4eed-aa4d-90a1d192fb52',86.0000,'KLG',1.0000,86.0000,'Import Excel'),(268,'7ea9d3b6-6757-4a7a-850e-afcba1e497d0','f39b7dac-dd61-4d8f-8a18-5e2d6348e23c',110.0000,'KG',1.0000,110.0000,'Import Excel'),(269,'7ea9d3b6-6757-4a7a-850e-afcba1e497d0','35f40b80-2669-4f8c-ab14-31faad685fb6',12.0000,'BTL',1.0000,12.0000,'Import Excel'),(270,'7ea9d3b6-6757-4a7a-850e-afcba1e497d0','f0527c87-1496-4d20-b96c-71facd0d5816',14.5800,'PAC',1.0000,14.5800,'Import Excel'),(271,'7ea9d3b6-6757-4a7a-850e-afcba1e497d0','a524d43c-93b7-481a-9f5b-f83348975f0f',135.0000,'PAC',1.0000,135.0000,'Import Excel'),(272,'95f4b107-fa9f-4534-b27a-c95b21e0e482','a7aa07b5-5738-4b4f-89e0-717e3cbd1b86',1.0000,'KG',1.0000,1.0000,'Import Excel'),(273,'95f4b107-fa9f-4534-b27a-c95b21e0e482','7f1d5a40-9191-4922-9885-3fb1d51e4e99',4.0000,'KG',1.0000,4.0000,'Import Excel'),(274,'95f4b107-fa9f-4534-b27a-c95b21e0e482','06f71892-bb6a-488d-89ed-da7e634fe629',744.0000,'DUS',1.0000,744.0000,'Import Excel'),(275,'95f4b107-fa9f-4534-b27a-c95b21e0e482','cd9e8115-ba0e-4837-8d7d-bf4f21c94c2a',21.0000,'PCS',1.0000,21.0000,'Import Excel'),(276,'95f4b107-fa9f-4534-b27a-c95b21e0e482','006b663f-414d-4c13-85ba-23f28f0d5b71',15.0000,'PRS',1.0000,15.0000,'Import Excel'),(277,'95f4b107-fa9f-4534-b27a-c95b21e0e482','3a7fab10-5677-4c12-9fa4-713fe2deb847',30.0000,'PRS',1.0000,30.0000,'Import Excel'),(278,'95f4b107-fa9f-4534-b27a-c95b21e0e482','81f5381d-c44a-4180-a668-147ce26c6bba',156.0000,'PCS',1.0000,156.0000,'Import Excel'),(279,'95f4b107-fa9f-4534-b27a-c95b21e0e482','116c5453-2821-4c6d-8ee0-d9660e60cfb6',100.0000,'KRG',1.0000,100.0000,'Import Excel'),(280,'95f4b107-fa9f-4534-b27a-c95b21e0e482','22090c01-d57a-4aa1-9b0a-0340ba3effe3',4.0000,'PAC',1.0000,4.0000,'Import Excel'),(281,'95f4b107-fa9f-4534-b27a-c95b21e0e482','f1a5852c-7ef1-4c26-89b4-015abf46c1c4',120.0000,'DUS',1.0000,120.0000,'Import Excel'),(282,'95f4b107-fa9f-4534-b27a-c95b21e0e482','d53de0eb-ec7b-498e-b647-34d3d63b0c1f',24.0000,'DUS',1.0000,24.0000,'Import Excel'),(283,'95f4b107-fa9f-4534-b27a-c95b21e0e482','0a20b01c-c45b-4bd6-a34a-4e82c4966b1b',3.0000,'PAC',1.0000,3.0000,'Import Excel'),(284,'95f4b107-fa9f-4534-b27a-c95b21e0e482','01f1b87b-8959-4ae8-9fcf-7fe1d7323dd6',42.0000,'PCS',1.0000,42.0000,'Import Excel'),(285,'95f4b107-fa9f-4534-b27a-c95b21e0e482','4fc619e6-4cf2-441f-b149-56c1eb0cdd78',75.0000,'PRS',1.0000,75.0000,'Import Excel'),(286,'95f4b107-fa9f-4534-b27a-c95b21e0e482','c5e64aba-39c7-42c4-bdc4-e694d18df851',20.0000,'PRS',1.0000,20.0000,'Import Excel'),(287,'95f4b107-fa9f-4534-b27a-c95b21e0e482','acbd7a61-6e0c-46b1-b17f-d02a2d796d4d',140.0000,'PRS',1.0000,140.0000,'Import Excel'),(288,'95f4b107-fa9f-4534-b27a-c95b21e0e482','9d529a51-5222-4f24-a5e9-297338c677b6',25.0000,'PRS',1.0000,25.0000,'Import Excel'),(289,'95f4b107-fa9f-4534-b27a-c95b21e0e482','4762d0d8-eed5-4e61-a135-c3a99ab6378d',20.0000,'PRS',1.0000,20.0000,'Import Excel'),(290,'95f4b107-fa9f-4534-b27a-c95b21e0e482','fbc9d662-f549-4abd-bb01-4fb749e7d344',3.0000,'KG',1.0000,3.0000,'Import Excel'),(291,'95f4b107-fa9f-4534-b27a-c95b21e0e482','ef3afd92-42a7-4181-aa3b-2b1425083164',19.0000,'BTL',1.0000,19.0000,'Import Excel'),(292,'95f4b107-fa9f-4534-b27a-c95b21e0e482','7bea32a3-04f4-44e0-9e82-d2d0f17dfc0b',117.0000,'PAC',1.0000,117.0000,'Import Excel'),(293,'95f4b107-fa9f-4534-b27a-c95b21e0e482','d82ceff6-f6f7-4de0-bc94-34b485d58f93',96.0000,'DUS',1.0000,96.0000,'Import Excel'),(294,'95f4b107-fa9f-4534-b27a-c95b21e0e482','a1c82d7f-54ed-4d41-9f88-5ae07379000e',20.0000,'DUS',1.0000,20.0000,'Import Excel'),(295,'95f4b107-fa9f-4534-b27a-c95b21e0e482','e73b7e2c-b77f-4ae6-9e15-f6a9c87687a5',60.0000,'DUS',1.0000,60.0000,'Import Excel'),(296,'95f4b107-fa9f-4534-b27a-c95b21e0e482','9c5a0c4a-de0b-4b48-bde9-cf276f53d2a5',550.0000,'PCS',1.0000,550.0000,'Import Excel'),(297,'95f4b107-fa9f-4534-b27a-c95b21e0e482','9538d47d-4196-483e-92c6-cc47365b9321',4.0000,'PAC',1.0000,4.0000,'Import Excel'),(298,'95f4b107-fa9f-4534-b27a-c95b21e0e482','efcf339d-7048-4107-971c-d3e3a73eda5e',24.0000,'KG',1.0000,24.0000,'Import Excel'),(299,'95f4b107-fa9f-4534-b27a-c95b21e0e482','5bc82d8d-8968-4fd4-8080-a90cd3736887',13.0000,'KG',1.0000,13.0000,'Import Excel'),(300,'95f4b107-fa9f-4534-b27a-c95b21e0e482','a134c1ee-11aa-402e-905d-3f00bb3dcd3b',12.0000,'KG',1.0000,12.0000,'Import Excel'),(301,'95f4b107-fa9f-4534-b27a-c95b21e0e482','629e8f8f-8f46-4a3b-955c-5de2ae98195b',59.0000,'KG',1.0000,59.0000,'Import Excel'),(302,'95f4b107-fa9f-4534-b27a-c95b21e0e482','2abed24e-28db-41f6-a931-2dfef5794fc8',23.0000,'KG',1.0000,23.0000,'Import Excel'),(303,'95f4b107-fa9f-4534-b27a-c95b21e0e482','ccffe407-4044-4910-895c-690f8b346a20',25.0000,'KG',1.0000,25.0000,'Import Excel'),(304,'95f4b107-fa9f-4534-b27a-c95b21e0e482','77c4a814-308e-4452-aca9-d834afedcbbb',80.0000,'PRS',1.0000,80.0000,'Import Excel'),(305,'95f4b107-fa9f-4534-b27a-c95b21e0e482','770a6bb7-c51d-4ec0-9903-540124ae1198',40.0000,'PRS',1.0000,40.0000,'Import Excel'),(306,'95f4b107-fa9f-4534-b27a-c95b21e0e482','ed56a11e-eb23-4e57-a007-015e0c0eb34b',370.0000,'PRS',1.0000,370.0000,'Import Excel'),(307,'95f4b107-fa9f-4534-b27a-c95b21e0e482','b14b58b1-0085-4fb6-bd56-4ef7ef21e9b4',1.0000,'KG',1.0000,1.0000,'Import Excel'),(308,'95f4b107-fa9f-4534-b27a-c95b21e0e482','b9a0520e-e9a0-42c8-b46b-12879eb828f2',26.0000,'PRS',1.0000,26.0000,'Import Excel'),(309,'95f4b107-fa9f-4534-b27a-c95b21e0e482','0b89fa82-8572-473f-965b-689ed8e8abd1',7.0000,'KG',1.0000,7.0000,'Import Excel'),(310,'95f4b107-fa9f-4534-b27a-c95b21e0e482','803b4852-6bd9-41a6-8e0a-3efcce786195',4.0000,'KG',1.0000,4.0000,'Import Excel'),(311,'95f4b107-fa9f-4534-b27a-c95b21e0e482','48af6e8c-7886-40e6-ac84-ac49e452a9e5',32.0000,'PRS',1.0000,32.0000,'Import Excel'),(312,'95f4b107-fa9f-4534-b27a-c95b21e0e482','5d49d285-2a89-4300-a47a-83ae8dcf54ec',240.0000,'PRS',1.0000,240.0000,'Import Excel'),(313,'95f4b107-fa9f-4534-b27a-c95b21e0e482','838d220a-0497-49cc-8f59-0c211e9876f2',45.0000,'PRS',1.0000,45.0000,'Import Excel'),(314,'95f4b107-fa9f-4534-b27a-c95b21e0e482','a222c1fe-792d-4128-a0b6-c50d3e7be9ea',30.0000,'PRS',1.0000,30.0000,'Import Excel'),(315,'95f4b107-fa9f-4534-b27a-c95b21e0e482','09e2024b-afc9-4023-b043-896bb385770c',30.0000,'PRS',1.0000,30.0000,'Import Excel'),(316,'95f4b107-fa9f-4534-b27a-c95b21e0e482','5e8f7d1c-9c24-42cb-ab29-eb70ecad67d2',13.0000,'KLG',1.0000,13.0000,'Import Excel'),(317,'95f4b107-fa9f-4534-b27a-c95b21e0e482','54da7151-c4a7-481b-b6f9-c65bd15a5c7c',140.0000,'PCS',1.0000,140.0000,'Import Excel'),(318,'95f4b107-fa9f-4534-b27a-c95b21e0e482','2e3fa010-51a3-467e-bd46-cb5c6e605750',420.0000,'PAC',1.0000,420.0000,'Import Excel'),(319,'95f4b107-fa9f-4534-b27a-c95b21e0e482','c4002549-b88d-4153-9b7d-808396215249',150.0000,'PAC',1.0000,150.0000,'Import Excel'),(320,'95f4b107-fa9f-4534-b27a-c95b21e0e482','6f26ec4a-64c7-4916-8c63-47bd21e90857',90.0000,'PAC',1.0000,90.0000,'Import Excel'),(321,'95f4b107-fa9f-4534-b27a-c95b21e0e482','a5d09ab8-cb81-49ab-b544-4f051a45d386',10.0000,'DUS',1.0000,10.0000,'Import Excel'),(322,'95f4b107-fa9f-4534-b27a-c95b21e0e482','793c9e38-effd-4cd7-81a5-524652c2f1ec',16.0000,'KG',1.0000,16.0000,'Import Excel'),(323,'95f4b107-fa9f-4534-b27a-c95b21e0e482','5495f60e-d271-4939-818e-b65af180417b',10.0000,'PRS',1.0000,10.0000,'Import Excel'),(324,'95f4b107-fa9f-4534-b27a-c95b21e0e482','ea2bd839-5aa6-4466-a579-53056a4590a7',30.0000,'PRS',1.0000,30.0000,'Import Excel'),(325,'95f4b107-fa9f-4534-b27a-c95b21e0e482','cd2ca38a-a947-4f3a-8322-c2e4ec7eae5f',450.0000,'PCS',1.0000,450.0000,'Import Excel'),(326,'95f4b107-fa9f-4534-b27a-c95b21e0e482','c558681c-2ae5-48bd-a42e-3be7be21a9b7',550.0000,'PCS',1.0000,550.0000,'Import Excel'),(327,'95f4b107-fa9f-4534-b27a-c95b21e0e482','413f38ef-5184-4756-a5b5-591d0b463d90',1025.0000,'PCS',1.0000,1025.0000,'Import Excel'),(328,'95f4b107-fa9f-4534-b27a-c95b21e0e482','1e796aee-bc98-499f-b68e-a54f14363d48',4.0000,'PAC',1.0000,4.0000,'Import Excel'),(329,'95f4b107-fa9f-4534-b27a-c95b21e0e482','86e123c3-57f5-44c9-abb1-4d1e6689f899',4.0000,'PAC',1.0000,4.0000,'Import Excel'),(330,'95f4b107-fa9f-4534-b27a-c95b21e0e482','310c04f3-d9f2-4467-a5d3-b549b8901f60',60.0000,'DUS',1.0000,60.0000,'Import Excel'),(331,'95f4b107-fa9f-4534-b27a-c95b21e0e482','b4e4e98f-baec-4804-8fea-57f35235f9b6',55.0000,'PRS',1.0000,55.0000,'Import Excel'),(332,'95f4b107-fa9f-4534-b27a-c95b21e0e482','1e43fa58-cdea-4945-ba8e-e1afcb802ccb',70.0000,'PRS',1.0000,70.0000,'Import Excel'),(333,'95f4b107-fa9f-4534-b27a-c95b21e0e482','0d6d7763-a540-4527-912a-89fbaf9f0ed4',3.0000,'KG',1.0000,3.0000,'Import Excel'),(334,'95f4b107-fa9f-4534-b27a-c95b21e0e482','9f8dffb7-0dc3-4234-919c-d4aeb4dd78ba',0.5000,'KG',1.0000,0.5000,'Import Excel'),(335,'95f4b107-fa9f-4534-b27a-c95b21e0e482','90a8c832-02f7-4b7c-9c6e-66217acaa9ac',35.0000,'PAC',1.0000,35.0000,'Import Excel'),(336,'95f4b107-fa9f-4534-b27a-c95b21e0e482','a3481d1b-bb6d-41be-be7b-ed6a82184b8e',24.0000,'KLG',1.0000,24.0000,'Import Excel'),(337,'95f4b107-fa9f-4534-b27a-c95b21e0e482','8dbb3c4d-ebd3-4418-8be4-bfad365c859c',24.0000,'KG',1.0000,24.0000,'Import Excel'),(338,'95f4b107-fa9f-4534-b27a-c95b21e0e482','c948efee-9989-4fc6-9f89-8a30a89bfd21',39.0000,'KLG',1.0000,39.0000,'Import Excel'),(339,'95f4b107-fa9f-4534-b27a-c95b21e0e482','b7023456-3f4b-491a-9a87-c4ef57e2158f',3.0000,'PAC',1.0000,3.0000,'Import Excel'),(340,'95f4b107-fa9f-4534-b27a-c95b21e0e482','a84c9180-6dd2-4497-b137-9756088496c7',1.0000,'BKS',1.0000,1.0000,'Import Excel'),(341,'95f4b107-fa9f-4534-b27a-c95b21e0e482','902e8f4f-ddfc-46e3-bdd5-5062de73a1d2',10.0000,'PRS',1.0000,10.0000,'Import Excel'),(342,'95f4b107-fa9f-4534-b27a-c95b21e0e482','0c82bbd5-3ca2-4e09-a976-0668a83312b5',36.0000,'DUS',1.0000,36.0000,'Import Excel'),(343,'95f4b107-fa9f-4534-b27a-c95b21e0e482','6483295f-35d3-4ff9-bb28-3d7b322b8844',5.0000,'KG',1.0000,5.0000,'Import Excel'),(344,'95f4b107-fa9f-4534-b27a-c95b21e0e482','aa2df47b-c07c-4733-9a80-9317fc596f87',8.0000,'PCS',1.0000,8.0000,'Import Excel'),(345,'95f4b107-fa9f-4534-b27a-c95b21e0e482','3e5baf4c-91bc-4542-87b1-62bc4cd2d1c5',0.3000,'PAC',1.0000,0.3000,'Import Excel'),(346,'95f4b107-fa9f-4534-b27a-c95b21e0e482','c5a85693-ccec-430a-b106-f34170d94b52',1.0000,'KG',1.0000,1.0000,'Import Excel'),(347,'95f4b107-fa9f-4534-b27a-c95b21e0e482','f39b7dac-dd61-4d8f-8a18-5e2d6348e23c',90.0000,'KG',1.0000,90.0000,'Import Excel'),(348,'95f4b107-fa9f-4534-b27a-c95b21e0e482','35f40b80-2669-4f8c-ab14-31faad685fb6',12.0000,'BTL',1.0000,12.0000,'Import Excel'),(349,'95f4b107-fa9f-4534-b27a-c95b21e0e482','f0527c87-1496-4d20-b96c-71facd0d5816',2.5000,'KG',1.0000,2.5000,'Import Excel'),(350,'95f4b107-fa9f-4534-b27a-c95b21e0e482','a524d43c-93b7-481a-9f5b-f83348975f0f',90.0000,'PAC',1.0000,90.0000,'Import Excel'),(351,'729f4bb8-0a89-458a-8763-147f68405c06','7f1d5a40-9191-4922-9885-3fb1d51e4e99',32.0000,'KG',1.0000,32.0000,'Import Excel'),(352,'729f4bb8-0a89-458a-8763-147f68405c06','06f71892-bb6a-488d-89ed-da7e634fe629',744.0000,'DUS',1.0000,744.0000,'Import Excel'),(353,'729f4bb8-0a89-458a-8763-147f68405c06','2b59f889-9afa-47e1-8aa4-c0774a7e2785',38.0000,'PRS',1.0000,38.0000,'Import Excel'),(354,'729f4bb8-0a89-458a-8763-147f68405c06','8cc8e3af-dc74-4af4-ae4d-6b226502ebe1',73.0000,'PRS',1.0000,73.0000,'Import Excel'),(355,'729f4bb8-0a89-458a-8763-147f68405c06','f0b30684-75df-426f-8d55-d706f550e022',147.0000,'PCS',1.0000,147.0000,'Import Excel'),(356,'729f4bb8-0a89-458a-8763-147f68405c06','d0d1fcd4-0e8f-4d4c-a402-8dc3cff2b278',210.0000,'PCS',1.0000,210.0000,'Import Excel'),(357,'729f4bb8-0a89-458a-8763-147f68405c06','76a220dd-a721-4c00-89fe-1cc6cb6bdd23',105.0000,'PCS',1.0000,105.0000,'Import Excel'),(358,'729f4bb8-0a89-458a-8763-147f68405c06','cd9e8115-ba0e-4837-8d7d-bf4f21c94c2a',63.0000,'PCS',1.0000,63.0000,'Import Excel'),(359,'729f4bb8-0a89-458a-8763-147f68405c06','9932e5de-5e8d-43b4-826d-9bcdf2d6e8b7',105.0000,'PCS',1.0000,105.0000,'Import Excel'),(360,'729f4bb8-0a89-458a-8763-147f68405c06','9763f01f-6cc0-4b52-9cf7-7a0af764977f',1134.0000,'PCS',1.0000,1134.0000,'Import Excel'),(361,'729f4bb8-0a89-458a-8763-147f68405c06','006b663f-414d-4c13-85ba-23f28f0d5b71',125.0000,'PRS',1.0000,125.0000,'Import Excel'),(362,'729f4bb8-0a89-458a-8763-147f68405c06','3a7fab10-5677-4c12-9fa4-713fe2deb847',130.0000,'PRS',1.0000,130.0000,'Import Excel'),(363,'729f4bb8-0a89-458a-8763-147f68405c06','81f5381d-c44a-4180-a668-147ce26c6bba',66.0000,'PCS',1.0000,66.0000,'Import Excel'),(364,'729f4bb8-0a89-458a-8763-147f68405c06','898323c9-9347-4381-a083-e081853e78ff',9.0000,'KG',1.0000,9.0000,'Import Excel'),(365,'729f4bb8-0a89-458a-8763-147f68405c06','30631d57-df5d-46b6-a2d2-6afbacb113ed',75.0000,'PCS',1.0000,75.0000,'Import Excel'),(366,'729f4bb8-0a89-458a-8763-147f68405c06','cd39e497-fe46-4f18-b145-04b75d81f890',345.0000,'PCS',1.0000,345.0000,'Import Excel'),(367,'729f4bb8-0a89-458a-8763-147f68405c06','2d447cdd-e193-413b-9dba-74c90b8fa852',63.0000,'PRS',1.0000,63.0000,'Import Excel'),(368,'729f4bb8-0a89-458a-8763-147f68405c06','116c5453-2821-4c6d-8ee0-d9660e60cfb6',150.0000,'KRG',1.0000,150.0000,'Import Excel'),(369,'729f4bb8-0a89-458a-8763-147f68405c06','22090c01-d57a-4aa1-9b0a-0340ba3effe3',6.0000,'PAC',1.0000,6.0000,'Import Excel'),(370,'729f4bb8-0a89-458a-8763-147f68405c06','f1a5852c-7ef1-4c26-89b4-015abf46c1c4',96.0000,'DUS',1.0000,96.0000,'Import Excel'),(371,'729f4bb8-0a89-458a-8763-147f68405c06','b4d771ac-5c55-4354-9474-66ec58ff3584',24.0000,'DUS',1.0000,24.0000,'Import Excel'),(372,'729f4bb8-0a89-458a-8763-147f68405c06','d53de0eb-ec7b-498e-b647-34d3d63b0c1f',48.0000,'DUS',1.0000,48.0000,'Import Excel'),(373,'729f4bb8-0a89-458a-8763-147f68405c06','0a20b01c-c45b-4bd6-a34a-4e82c4966b1b',2.0000,'PAC',1.0000,2.0000,'Import Excel'),(374,'729f4bb8-0a89-458a-8763-147f68405c06','01f1b87b-8959-4ae8-9fcf-7fe1d7323dd6',381.0000,'PCS',1.0000,381.0000,'Import Excel'),(375,'729f4bb8-0a89-458a-8763-147f68405c06','caf1b831-72a1-4148-b130-15083dfcbfae',1.0000,'KG',1.0000,1.0000,'Import Excel'),(376,'729f4bb8-0a89-458a-8763-147f68405c06','4fc619e6-4cf2-441f-b149-56c1eb0cdd78',120.0000,'PRS',1.0000,120.0000,'Import Excel'),(377,'729f4bb8-0a89-458a-8763-147f68405c06','c5e64aba-39c7-42c4-bdc4-e694d18df851',40.0000,'PRS',1.0000,40.0000,'Import Excel'),(378,'729f4bb8-0a89-458a-8763-147f68405c06','acbd7a61-6e0c-46b1-b17f-d02a2d796d4d',620.0000,'PRS',1.0000,620.0000,'Import Excel'),(379,'729f4bb8-0a89-458a-8763-147f68405c06','9d529a51-5222-4f24-a5e9-297338c677b6',35.0000,'PRS',1.0000,35.0000,'Import Excel'),(380,'729f4bb8-0a89-458a-8763-147f68405c06','4762d0d8-eed5-4e61-a135-c3a99ab6378d',20.0000,'PRS',1.0000,20.0000,'Import Excel'),(381,'729f4bb8-0a89-458a-8763-147f68405c06','86e0def6-c17f-4e8e-beb4-41010a986361',60.0000,'PRS',1.0000,60.0000,'Import Excel'),(382,'729f4bb8-0a89-458a-8763-147f68405c06','fbc9d662-f549-4abd-bb01-4fb749e7d344',21.0000,'KG',1.0000,21.0000,'Import Excel'),(383,'729f4bb8-0a89-458a-8763-147f68405c06','7bea32a3-04f4-44e0-9e82-d2d0f17dfc0b',261.0000,'PAC',1.0000,261.0000,'Import Excel'),(384,'729f4bb8-0a89-458a-8763-147f68405c06','d82ceff6-f6f7-4de0-bc94-34b485d58f93',24.0000,'DUS',1.0000,24.0000,'Import Excel'),(385,'729f4bb8-0a89-458a-8763-147f68405c06','a1c82d7f-54ed-4d41-9f88-5ae07379000e',40.0000,'DUS',1.0000,40.0000,'Import Excel'),(386,'729f4bb8-0a89-458a-8763-147f68405c06','e73b7e2c-b77f-4ae6-9e15-f6a9c87687a5',46.0000,'DUS',1.0000,46.0000,'Import Excel'),(387,'729f4bb8-0a89-458a-8763-147f68405c06','94ddcfe7-3916-4277-b4b1-9a0d79e02864',60.0000,'PCS',1.0000,60.0000,'Import Excel'),(388,'729f4bb8-0a89-458a-8763-147f68405c06','f527d9c4-8fbc-4d4b-b167-53325792e11f',100.0000,'PCS',1.0000,100.0000,'Import Excel'),(389,'729f4bb8-0a89-458a-8763-147f68405c06','9c5a0c4a-de0b-4b48-bde9-cf276f53d2a5',600.0000,'PCS',1.0000,600.0000,'Import Excel'),(390,'729f4bb8-0a89-458a-8763-147f68405c06','0107a91e-10c1-4a5f-8f6d-569d73c286bb',795.0000,'PRS',1.0000,795.0000,'Import Excel'),(391,'729f4bb8-0a89-458a-8763-147f68405c06','efcf339d-7048-4107-971c-d3e3a73eda5e',20.0000,'KG',1.0000,20.0000,'Import Excel'),(392,'729f4bb8-0a89-458a-8763-147f68405c06','5bc82d8d-8968-4fd4-8080-a90cd3736887',93.0000,'KG',1.0000,93.0000,'Import Excel'),(393,'729f4bb8-0a89-458a-8763-147f68405c06','a134c1ee-11aa-402e-905d-3f00bb3dcd3b',94.0000,'KG',1.0000,94.0000,'Import Excel'),(394,'729f4bb8-0a89-458a-8763-147f68405c06','629e8f8f-8f46-4a3b-955c-5de2ae98195b',76.0000,'KG',1.0000,76.0000,'Import Excel'),(395,'729f4bb8-0a89-458a-8763-147f68405c06','a1e911c1-7158-4dfc-af1f-9ee14bed511b',55.0000,'KG',1.0000,55.0000,'Import Excel'),(396,'729f4bb8-0a89-458a-8763-147f68405c06','2abed24e-28db-41f6-a931-2dfef5794fc8',22.0000,'KG',1.0000,22.0000,'Import Excel'),(397,'729f4bb8-0a89-458a-8763-147f68405c06','ccffe407-4044-4910-895c-690f8b346a20',44.0000,'KG',1.0000,44.0000,'Import Excel'),(398,'729f4bb8-0a89-458a-8763-147f68405c06','7d354e1a-25ad-4859-966a-af9b39715a11',6.0000,'KG',1.0000,6.0000,'Import Excel'),(399,'729f4bb8-0a89-458a-8763-147f68405c06','770a6bb7-c51d-4ec0-9903-540124ae1198',20.0000,'PRS',1.0000,20.0000,'Import Excel'),(400,'729f4bb8-0a89-458a-8763-147f68405c06','b14b58b1-0085-4fb6-bd56-4ef7ef21e9b4',8.0000,'KG',1.0000,8.0000,'Import Excel'),(401,'729f4bb8-0a89-458a-8763-147f68405c06','bca210ab-731f-46ad-8729-a27f18051a2a',23.0000,'PRS',1.0000,23.0000,'Import Excel'),(402,'729f4bb8-0a89-458a-8763-147f68405c06','a8a7b97f-3ed2-4e6d-a01d-1b58420a99af',4.0000,'BTG',1.0000,4.0000,'Import Excel'),(403,'729f4bb8-0a89-458a-8763-147f68405c06','b9a0520e-e9a0-42c8-b46b-12879eb828f2',52.0000,'PRS',1.0000,52.0000,'Import Excel'),(404,'729f4bb8-0a89-458a-8763-147f68405c06','0b89fa82-8572-473f-965b-689ed8e8abd1',5.0000,'KG',1.0000,5.0000,'Import Excel'),(405,'729f4bb8-0a89-458a-8763-147f68405c06','803b4852-6bd9-41a6-8e0a-3efcce786195',21.0000,'KG',1.0000,21.0000,'Import Excel'),(406,'729f4bb8-0a89-458a-8763-147f68405c06','48af6e8c-7886-40e6-ac84-ac49e452a9e5',160.0000,'PRS',1.0000,160.0000,'Import Excel'),(407,'729f4bb8-0a89-458a-8763-147f68405c06','5d49d285-2a89-4300-a47a-83ae8dcf54ec',60.0000,'PRS',1.0000,60.0000,'Import Excel'),(408,'729f4bb8-0a89-458a-8763-147f68405c06','5f51580c-9017-4127-a8e7-87f886a62c0f',68.0000,'PRS',1.0000,68.0000,'Import Excel'),(409,'729f4bb8-0a89-458a-8763-147f68405c06','74d6e443-5c90-4b19-b234-af5073fd1495',20.0000,'PRS',1.0000,20.0000,'Import Excel'),(410,'729f4bb8-0a89-458a-8763-147f68405c06','838d220a-0497-49cc-8f59-0c211e9876f2',90.0000,'PRS',1.0000,90.0000,'Import Excel'),(411,'729f4bb8-0a89-458a-8763-147f68405c06','a222c1fe-792d-4128-a0b6-c50d3e7be9ea',135.0000,'PRS',1.0000,135.0000,'Import Excel'),(412,'729f4bb8-0a89-458a-8763-147f68405c06','09e2024b-afc9-4023-b043-896bb385770c',285.0000,'PRS',1.0000,285.0000,'Import Excel'),(413,'729f4bb8-0a89-458a-8763-147f68405c06','232633bf-0beb-42aa-939d-56e0b27f1387',390.0000,'PRS',1.0000,390.0000,'Import Excel'),(414,'729f4bb8-0a89-458a-8763-147f68405c06','5e8f7d1c-9c24-42cb-ab29-eb70ecad67d2',10.0000,'KLG',1.0000,10.0000,'Import Excel'),(415,'729f4bb8-0a89-458a-8763-147f68405c06','3a719ab6-2120-4de0-9f7e-d858f90c2507',546.0000,'PCS',1.0000,546.0000,'Import Excel'),(416,'729f4bb8-0a89-458a-8763-147f68405c06','54da7151-c4a7-481b-b6f9-c65bd15a5c7c',126.0000,'PCS',1.0000,126.0000,'Import Excel'),(417,'729f4bb8-0a89-458a-8763-147f68405c06','2e3fa010-51a3-467e-bd46-cb5c6e605750',270.0000,'PAC',1.0000,270.0000,'Import Excel'),(418,'729f4bb8-0a89-458a-8763-147f68405c06','c4002549-b88d-4153-9b7d-808396215249',420.0000,'PAC',1.0000,420.0000,'Import Excel'),(419,'729f4bb8-0a89-458a-8763-147f68405c06','c9a810de-81b7-4f33-b6e6-0773156afddd',6.0000,'KG',1.0000,6.0000,'Import Excel'),(420,'729f4bb8-0a89-458a-8763-147f68405c06','e2968e29-a29f-4ae1-9235-c6e19782a698',1460.0000,'PRS',1.0000,1460.0000,'Import Excel'),(421,'729f4bb8-0a89-458a-8763-147f68405c06','3ace1135-637d-4b47-b9d5-aa206e63b62f',620.0000,'PRS',1.0000,620.0000,'Import Excel'),(422,'729f4bb8-0a89-458a-8763-147f68405c06','6f26ec4a-64c7-4916-8c63-47bd21e90857',160.0000,'PAC',1.0000,160.0000,'Import Excel'),(423,'729f4bb8-0a89-458a-8763-147f68405c06','a5d09ab8-cb81-49ab-b544-4f051a45d386',8.0000,'DUS',1.0000,8.0000,'Import Excel'),(424,'729f4bb8-0a89-458a-8763-147f68405c06','793c9e38-effd-4cd7-81a5-524652c2f1ec',32.0000,'KG',1.0000,32.0000,'Import Excel'),(425,'729f4bb8-0a89-458a-8763-147f68405c06','ceebb127-e55b-45f6-a0d0-a51e486e0229',48.0000,'PRS',1.0000,48.0000,'Import Excel'),(426,'729f4bb8-0a89-458a-8763-147f68405c06','5495f60e-d271-4939-818e-b65af180417b',30.0000,'PRS',1.0000,30.0000,'Import Excel'),(427,'729f4bb8-0a89-458a-8763-147f68405c06','1bbee04f-86a0-49dd-850a-b7eb60e244a6',65.0000,'PRS',1.0000,65.0000,'Import Excel'),(428,'729f4bb8-0a89-458a-8763-147f68405c06','9779bf0b-93bd-4bf8-ad21-c33cabc30253',182.0000,'PRS',1.0000,182.0000,'Import Excel'),(429,'729f4bb8-0a89-458a-8763-147f68405c06','cd2ca38a-a947-4f3a-8322-c2e4ec7eae5f',100.0000,'PCS',1.0000,100.0000,'Import Excel'),(430,'729f4bb8-0a89-458a-8763-147f68405c06','c558681c-2ae5-48bd-a42e-3be7be21a9b7',750.0000,'PCS',1.0000,750.0000,'Import Excel'),(431,'729f4bb8-0a89-458a-8763-147f68405c06','310c04f3-d9f2-4467-a5d3-b549b8901f60',108.0000,'DUS',1.0000,108.0000,'Import Excel'),(432,'729f4bb8-0a89-458a-8763-147f68405c06','ee9f8d78-b8a9-4838-80e6-2bcf631324b3',420.0000,'PRS',1.0000,420.0000,'Import Excel'),(433,'729f4bb8-0a89-458a-8763-147f68405c06','9def77da-aa55-4cb3-82f4-522ad7715927',180.0000,'PRS',1.0000,180.0000,'Import Excel'),(434,'729f4bb8-0a89-458a-8763-147f68405c06','cb833e75-27e1-4e01-ad37-75243830eba7',60.0000,'KG',1.0000,60.0000,'Import Excel'),(435,'729f4bb8-0a89-458a-8763-147f68405c06','0d6d7763-a540-4527-912a-89fbaf9f0ed4',3.0000,'KG',1.0000,3.0000,'Import Excel'),(436,'729f4bb8-0a89-458a-8763-147f68405c06','9f8dffb7-0dc3-4234-919c-d4aeb4dd78ba',5.5000,'KG',1.0000,5.5000,'Import Excel'),(437,'729f4bb8-0a89-458a-8763-147f68405c06','90a8c832-02f7-4b7c-9c6e-66217acaa9ac',6.0000,'PAC',1.0000,6.0000,'Import Excel'),(438,'729f4bb8-0a89-458a-8763-147f68405c06','7242aab2-7213-4f1e-8212-d8a6647bf6a9',68.0000,'KG',1.0000,68.0000,'Import Excel'),(439,'729f4bb8-0a89-458a-8763-147f68405c06','158230c2-e34a-4d5e-a336-2ccccd583400',12.0000,'KG',1.0000,12.0000,'Import Excel'),(440,'729f4bb8-0a89-458a-8763-147f68405c06','a3481d1b-bb6d-41be-be7b-ed6a82184b8e',24.0000,'KLG',1.0000,24.0000,'Import Excel'),(441,'729f4bb8-0a89-458a-8763-147f68405c06','8dbb3c4d-ebd3-4418-8be4-bfad365c859c',28.0000,'KG',1.0000,28.0000,'Import Excel'),(442,'729f4bb8-0a89-458a-8763-147f68405c06','0c38f559-fca9-4c82-85f3-5ac835840460',45.0000,'PRS',1.0000,45.0000,'Import Excel'),(443,'729f4bb8-0a89-458a-8763-147f68405c06','46403eb2-eeb9-493e-a603-57e6c3c77930',225.0000,'PRS',1.0000,225.0000,'Import Excel'),(444,'729f4bb8-0a89-458a-8763-147f68405c06','b6749a2c-b887-4632-a66b-c87fc077f4d1',510.0000,'PRS',1.0000,510.0000,'Import Excel'),(445,'729f4bb8-0a89-458a-8763-147f68405c06','c948efee-9989-4fc6-9f89-8a30a89bfd21',53.0000,'KLG',1.0000,53.0000,'Import Excel'),(446,'729f4bb8-0a89-458a-8763-147f68405c06','b7023456-3f4b-491a-9a87-c4ef57e2158f',3.0000,'PAC',1.0000,3.0000,'Import Excel'),(447,'729f4bb8-0a89-458a-8763-147f68405c06','902e8f4f-ddfc-46e3-bdd5-5062de73a1d2',110.0000,'PRS',1.0000,110.0000,'Import Excel'),(448,'729f4bb8-0a89-458a-8763-147f68405c06','0c82bbd5-3ca2-4e09-a976-0668a83312b5',24.0000,'DUS',1.0000,24.0000,'Import Excel'),(449,'729f4bb8-0a89-458a-8763-147f68405c06','528dd0f9-59ef-479f-9bcb-decdd3c223d8',90.0000,'PRS',1.0000,90.0000,'Import Excel'),(450,'729f4bb8-0a89-458a-8763-147f68405c06','52910c5d-1448-4109-8c02-5f447ec87220',90.0000,'PCS',1.0000,90.0000,'Import Excel'),(451,'729f4bb8-0a89-458a-8763-147f68405c06','ae2418be-15cc-4643-b74a-5fa46f908a87',9.0000,'SET',1.0000,9.0000,'Import Excel'),(452,'729f4bb8-0a89-458a-8763-147f68405c06','6483295f-35d3-4ff9-bb28-3d7b322b8844',54.0000,'KG',1.0000,54.0000,'Import Excel'),(453,'729f4bb8-0a89-458a-8763-147f68405c06','3e5baf4c-91bc-4542-87b1-62bc4cd2d1c5',0.2000,'PAC',1.0000,0.2000,'Import Excel'),(454,'729f4bb8-0a89-458a-8763-147f68405c06','258e0b99-2b60-4eed-aa4d-90a1d192fb52',24.0000,'KLG',1.0000,24.0000,'Import Excel'),(455,'729f4bb8-0a89-458a-8763-147f68405c06','f39b7dac-dd61-4d8f-8a18-5e2d6348e23c',72.0000,'KG',1.0000,72.0000,'Import Excel'),(456,'729f4bb8-0a89-458a-8763-147f68405c06','35f40b80-2669-4f8c-ab14-31faad685fb6',7.0000,'BTL',1.0000,7.0000,'Import Excel'),(457,'729f4bb8-0a89-458a-8763-147f68405c06','f0527c87-1496-4d20-b96c-71facd0d5816',2.4300,'KG',1.0000,2.4300,'Import Excel'),(458,'729f4bb8-0a89-458a-8763-147f68405c06','a524d43c-93b7-481a-9f5b-f83348975f0f',30.0000,'PAC',1.0000,30.0000,'Import Excel'),(459,'19c8180f-58ac-4632-a6e3-4dca81c037d7','9763f01f-6cc0-4b52-9cf7-7a0af764977f',42.0000,'PCS',1.0000,42.0000,''),(460,'19c8180f-58ac-4632-a6e3-4dca81c037d7','3a719ab6-2120-4de0-9f7e-d858f90c2507',42.0000,'PCS',1.0000,42.0000,''),(461,'19c8180f-58ac-4632-a6e3-4dca81c037d7','b6749a2c-b887-4632-a66b-c87fc077f4d1',45.0000,'PRS',1.0000,45.0000,''),(462,'19c8180f-58ac-4632-a6e3-4dca81c037d7','09e2024b-afc9-4023-b043-896bb385770c',15.0000,'PRS',1.0000,15.0000,''),(463,'19c8180f-58ac-4632-a6e3-4dca81c037d7','a222c1fe-792d-4128-a0b6-c50d3e7be9ea',15.0000,'PRS',1.0000,15.0000,''),(464,'19c8180f-58ac-4632-a6e3-4dca81c037d7','48af6e8c-7886-40e6-ac84-ac49e452a9e5',16.0000,'PRS',1.0000,16.0000,''),(465,'19c8180f-58ac-4632-a6e3-4dca81c037d7','e2968e29-a29f-4ae1-9235-c6e19782a698',80.0000,'PRS',1.0000,80.0000,''),(466,'19c8180f-58ac-4632-a6e3-4dca81c037d7','2b59f889-9afa-47e1-8aa4-c0774a7e2785',4.0000,'PRS',1.0000,4.0000,''),(467,'19c8180f-58ac-4632-a6e3-4dca81c037d7','e73b7e2c-b77f-4ae6-9e15-f6a9c87687a5',2.0000,'PAC',1.0000,2.0000,''),(468,'19c8180f-58ac-4632-a6e3-4dca81c037d7','a1c82d7f-54ed-4d41-9f88-5ae07379000e',2.0000,'PAC',1.0000,2.0000,''),(469,'19c8180f-58ac-4632-a6e3-4dca81c037d7','acbd7a61-6e0c-46b1-b17f-d02a2d796d4d',30.0000,'PRS',1.0000,30.0000,''),(470,'19c8180f-58ac-4632-a6e3-4dca81c037d7','116c5453-2821-4c6d-8ee0-d9660e60cfb6',25.0000,'KRG',1.0000,25.0000,''),(471,'19c8180f-58ac-4632-a6e3-4dca81c037d7','006b663f-414d-4c13-85ba-23f28f0d5b71',10.0000,'PRS',1.0000,10.0000,''),(472,'266b761f-f4c3-4525-be6e-4ccfa95a2d50','9763f01f-6cc0-4b52-9cf7-7a0af764977f',42.0000,'PCS',1.0000,42.0000,''),(473,'266b761f-f4c3-4525-be6e-4ccfa95a2d50','3a719ab6-2120-4de0-9f7e-d858f90c2507',42.0000,'PCS',1.0000,42.0000,''),(474,'266b761f-f4c3-4525-be6e-4ccfa95a2d50','d0d1fcd4-0e8f-4d4c-a402-8dc3cff2b278',21.0000,'PCS',1.0000,21.0000,''),(475,'266b761f-f4c3-4525-be6e-4ccfa95a2d50','232633bf-0beb-42aa-939d-56e0b27f1387',60.0000,'PRS',1.0000,60.0000,''),(476,'266b761f-f4c3-4525-be6e-4ccfa95a2d50','b6749a2c-b887-4632-a66b-c87fc077f4d1',60.0000,'PRS',1.0000,60.0000,''),(477,'266b761f-f4c3-4525-be6e-4ccfa95a2d50','48af6e8c-7886-40e6-ac84-ac49e452a9e5',16.0000,'PRS',1.0000,16.0000,''),(478,'266b761f-f4c3-4525-be6e-4ccfa95a2d50','ee9f8d78-b8a9-4838-80e6-2bcf631324b3',40.0000,'PRS',1.0000,40.0000,''),(479,'266b761f-f4c3-4525-be6e-4ccfa95a2d50','a222c1fe-792d-4128-a0b6-c50d3e7be9ea',15.0000,'PRS',1.0000,15.0000,''),(480,'266b761f-f4c3-4525-be6e-4ccfa95a2d50','a1e911c1-7158-4dfc-af1f-9ee14bed511b',3.0000,'KG',1.0000,3.0000,''),(481,'266b761f-f4c3-4525-be6e-4ccfa95a2d50','acbd7a61-6e0c-46b1-b17f-d02a2d796d4d',30.0000,'PRS',1.0000,30.0000,''),(482,'266b761f-f4c3-4525-be6e-4ccfa95a2d50','803b4852-6bd9-41a6-8e0a-3efcce786195',2.0000,'KG',1.0000,2.0000,''),(483,'266b761f-f4c3-4525-be6e-4ccfa95a2d50','ccffe407-4044-4910-895c-690f8b346a20',3.0000,'KG',1.0000,3.0000,''),(484,'266b761f-f4c3-4525-be6e-4ccfa95a2d50','2abed24e-28db-41f6-a931-2dfef5794fc8',2.0000,'KG',1.0000,2.0000,''),(485,'266b761f-f4c3-4525-be6e-4ccfa95a2d50','0107a91e-10c1-4a5f-8f6d-569d73c286bb',60.0000,'PRS',1.0000,60.0000,''),(486,'266b761f-f4c3-4525-be6e-4ccfa95a2d50','cd39e497-fe46-4f18-b145-04b75d81f890',45.0000,'PCS',1.0000,45.0000,''),(487,'266b761f-f4c3-4525-be6e-4ccfa95a2d50','9779bf0b-93bd-4bf8-ad21-c33cabc30253',39.0000,'PRS',1.0000,39.0000,''),(488,'266b761f-f4c3-4525-be6e-4ccfa95a2d50','1bbee04f-86a0-49dd-850a-b7eb60e244a6',13.0000,'PRS',1.0000,13.0000,''),(489,'266b761f-f4c3-4525-be6e-4ccfa95a2d50','3ace1135-637d-4b47-b9d5-aa206e63b62f',60.0000,'PRS',1.0000,60.0000,''),(490,'266b761f-f4c3-4525-be6e-4ccfa95a2d50','7242aab2-7213-4f1e-8212-d8a6647bf6a9',8.0000,'KG',1.0000,8.0000,''),(491,'266b761f-f4c3-4525-be6e-4ccfa95a2d50','9f8dffb7-0dc3-4234-919c-d4aeb4dd78ba',1.0000,'KG',1.0000,1.0000,''),(492,'266b761f-f4c3-4525-be6e-4ccfa95a2d50','01f1b87b-8959-4ae8-9fcf-7fe1d7323dd6',93.0000,'PCS',1.0000,93.0000,''),(493,'79971f41-14bf-4e46-a50a-db2efa02153d','cb833e75-27e1-4e01-ad37-75243830eba7',4.0000,'KG',1.0000,4.0000,''),(494,'b3102d82-f420-42e8-a9c7-8b4d19a6db0d','06f71892-bb6a-488d-89ed-da7e634fe629',24.0000,'BTL',1.0000,24.0000,''),(495,'b3102d82-f420-42e8-a9c7-8b4d19a6db0d','7f1d5a40-9191-4922-9885-3fb1d51e4e99',4.0000,'KG',1.0000,4.0000,''),(496,'b3102d82-f420-42e8-a9c7-8b4d19a6db0d','c948efee-9989-4fc6-9f89-8a30a89bfd21',4.0000,'KLG',1.0000,4.0000,''),(497,'b3102d82-f420-42e8-a9c7-8b4d19a6db0d','5e8f7d1c-9c24-42cb-ab29-eb70ecad67d2',1.0000,'KLG',1.0000,1.0000,''),(508,'a377c9d0-c5e9-47ab-9d5b-96c0fc122113','902e8f4f-ddfc-46e3-bdd5-5062de73a1d2',10.0000,'PRS',1.0000,10.0000,''),(509,'a377c9d0-c5e9-47ab-9d5b-96c0fc122113','3a7fab10-5677-4c12-9fa4-713fe2deb847',25.0000,'PRS',1.0000,25.0000,''),(510,'a377c9d0-c5e9-47ab-9d5b-96c0fc122113','a1e911c1-7158-4dfc-af1f-9ee14bed511b',5.0000,'KG',1.0000,5.0000,''),(511,'a377c9d0-c5e9-47ab-9d5b-96c0fc122113','5bc82d8d-8968-4fd4-8080-a90cd3736887',5.0000,'KG',1.0000,5.0000,''),(512,'a377c9d0-c5e9-47ab-9d5b-96c0fc122113','a134c1ee-11aa-402e-905d-3f00bb3dcd3b',5.0000,'KG',1.0000,5.0000,''),(513,'a377c9d0-c5e9-47ab-9d5b-96c0fc122113','629e8f8f-8f46-4a3b-955c-5de2ae98195b',5.0000,'KG',1.0000,5.0000,''),(514,'a377c9d0-c5e9-47ab-9d5b-96c0fc122113','2abed24e-28db-41f6-a931-2dfef5794fc8',1.0000,'KG',1.0000,1.0000,''),(515,'a377c9d0-c5e9-47ab-9d5b-96c0fc122113','0b89fa82-8572-473f-965b-689ed8e8abd1',1.0000,'KG',1.0000,1.0000,''),(516,'a377c9d0-c5e9-47ab-9d5b-96c0fc122113','3e5baf4c-91bc-4542-87b1-62bc4cd2d1c5',0.1000,'PAC',1.0000,0.1000,''),(517,'1cb3ae1c-fbed-49e3-b2fc-e68f67bc6757','9763f01f-6cc0-4b52-9cf7-7a0af764977f',63.0000,'PCS',1.0000,63.0000,''),(518,'1cb3ae1c-fbed-49e3-b2fc-e68f67bc6757','cd39e497-fe46-4f18-b145-04b75d81f890',45.0000,'PCS',1.0000,45.0000,''),(519,'1cb3ae1c-fbed-49e3-b2fc-e68f67bc6757','d0d1fcd4-0e8f-4d4c-a402-8dc3cff2b278',21.0000,'PCS',1.0000,21.0000,''),(520,'1cb3ae1c-fbed-49e3-b2fc-e68f67bc6757','4fc619e6-4cf2-441f-b149-56c1eb0cdd78',15.0000,'PRS',1.0000,15.0000,''),(521,'1cb3ae1c-fbed-49e3-b2fc-e68f67bc6757','0107a91e-10c1-4a5f-8f6d-569d73c286bb',45.0000,'PRS',1.0000,45.0000,''),(522,'1cb3ae1c-fbed-49e3-b2fc-e68f67bc6757','838d220a-0497-49cc-8f59-0c211e9876f2',15.0000,'PRS',1.0000,15.0000,''),(523,'1cb3ae1c-fbed-49e3-b2fc-e68f67bc6757','2abed24e-28db-41f6-a931-2dfef5794fc8',3.0000,'KG',1.0000,3.0000,''),(524,'1cb3ae1c-fbed-49e3-b2fc-e68f67bc6757','ccffe407-4044-4910-895c-690f8b346a20',3.0000,'KG',1.0000,3.0000,''),(525,'1cb3ae1c-fbed-49e3-b2fc-e68f67bc6757','0b89fa82-8572-473f-965b-689ed8e8abd1',2.0000,'KG',1.0000,2.0000,''),(526,'1cb3ae1c-fbed-49e3-b2fc-e68f67bc6757','803b4852-6bd9-41a6-8e0a-3efcce786195',2.0000,'KG',1.0000,2.0000,''),(527,'1cb3ae1c-fbed-49e3-b2fc-e68f67bc6757','a134c1ee-11aa-402e-905d-3f00bb3dcd3b',10.0000,'KG',1.0000,10.0000,''),(528,'1cb3ae1c-fbed-49e3-b2fc-e68f67bc6757','5bc82d8d-8968-4fd4-8080-a90cd3736887',10.0000,'KG',1.0000,10.0000,''),(529,'1cb3ae1c-fbed-49e3-b2fc-e68f67bc6757','a1e911c1-7158-4dfc-af1f-9ee14bed511b',10.0000,'KG',1.0000,10.0000,''),(530,'1cb3ae1c-fbed-49e3-b2fc-e68f67bc6757','629e8f8f-8f46-4a3b-955c-5de2ae98195b',10.0000,'KG',1.0000,10.0000,''),(531,'1cb3ae1c-fbed-49e3-b2fc-e68f67bc6757','acbd7a61-6e0c-46b1-b17f-d02a2d796d4d',30.0000,'PRS',1.0000,30.0000,''),(532,'1cb3ae1c-fbed-49e3-b2fc-e68f67bc6757','7d354e1a-25ad-4859-966a-af9b39715a11',1.0000,'KG',1.0000,1.0000,''),(533,'1cb3ae1c-fbed-49e3-b2fc-e68f67bc6757','efcf339d-7048-4107-971c-d3e3a73eda5e',1.0000,'KG',1.0000,1.0000,''),(534,'1cb3ae1c-fbed-49e3-b2fc-e68f67bc6757','e2968e29-a29f-4ae1-9235-c6e19782a698',100.0000,'PRS',1.0000,100.0000,''),(535,'1cb3ae1c-fbed-49e3-b2fc-e68f67bc6757','3ace1135-637d-4b47-b9d5-aa206e63b62f',40.0000,'PRS',1.0000,40.0000,''),(536,'1cb3ae1c-fbed-49e3-b2fc-e68f67bc6757','2b59f889-9afa-47e1-8aa4-c0774a7e2785',10.0000,'PRS',1.0000,10.0000,''),(537,'1cb3ae1c-fbed-49e3-b2fc-e68f67bc6757','2d447cdd-e193-413b-9dba-74c90b8fa852',10.0000,'PRS',1.0000,10.0000,''),(538,'1cb3ae1c-fbed-49e3-b2fc-e68f67bc6757','7242aab2-7213-4f1e-8212-d8a6647bf6a9',4.0000,'KG',1.0000,4.0000,''),(539,'1cb3ae1c-fbed-49e3-b2fc-e68f67bc6757','ae2418be-15cc-4643-b74a-5fa46f908a87',3.0000,'SET',1.0000,3.0000,''),(540,'1cb3ae1c-fbed-49e3-b2fc-e68f67bc6757','e73b7e2c-b77f-4ae6-9e15-f6a9c87687a5',2.0000,'PAC',1.0000,2.0000,''),(541,'1cb3ae1c-fbed-49e3-b2fc-e68f67bc6757','a1c82d7f-54ed-4d41-9f88-5ae07379000e',2.0000,'PAC',1.0000,2.0000,''),(542,'1cb3ae1c-fbed-49e3-b2fc-e68f67bc6757','35f40b80-2669-4f8c-ab14-31faad685fb6',2.0000,'BTL',1.0000,2.0000,''),(543,'1cb3ae1c-fbed-49e3-b2fc-e68f67bc6757','f39b7dac-dd61-4d8f-8a18-5e2d6348e23c',12.0000,'KG',1.0000,12.0000,''),(544,'a3c35098-c763-4d46-a865-4314c1dd5214','c4002549-b88d-4153-9b7d-808396215249',30.0000,'SCT',1.0000,30.0000,''),(545,'a3c35098-c763-4d46-a865-4314c1dd5214','310c04f3-d9f2-4467-a5d3-b549b8901f60',12.0000,'BTL',1.0000,12.0000,''),(546,'2a714f32-4f56-4395-87ea-b1eb1c9c7c56','06f71892-bb6a-488d-89ed-da7e634fe629',24.0000,'BTL',1.0000,24.0000,''),(547,'2a714f32-4f56-4395-87ea-b1eb1c9c7c56','22090c01-d57a-4aa1-9b0a-0340ba3effe3',1.0000,'PAC',1.0000,1.0000,''),(548,'2a714f32-4f56-4395-87ea-b1eb1c9c7c56','c948efee-9989-4fc6-9f89-8a30a89bfd21',4.0000,'KLG',1.0000,4.0000,''),(549,'2a714f32-4f56-4395-87ea-b1eb1c9c7c56','5d49d285-2a89-4300-a47a-83ae8dcf54ec',60.0000,'PRS',1.0000,60.0000,''),(550,'2a714f32-4f56-4395-87ea-b1eb1c9c7c56','d82ceff6-f6f7-4de0-bc94-34b485d58f93',24.0000,'DUS',1.0000,24.0000,''),(551,'2a714f32-4f56-4395-87ea-b1eb1c9c7c56','a524d43c-93b7-481a-9f5b-f83348975f0f',15.0000,'PAC',1.0000,15.0000,''),(552,'2a714f32-4f56-4395-87ea-b1eb1c9c7c56','cb833e75-27e1-4e01-ad37-75243830eba7',4.0000,'KG',1.0000,4.0000,''),(553,'2a714f32-4f56-4395-87ea-b1eb1c9c7c56','c9a810de-81b7-4f33-b6e6-0773156afddd',3.0000,'KG',1.0000,3.0000,''),(554,'2a714f32-4f56-4395-87ea-b1eb1c9c7c56','b7023456-3f4b-491a-9a87-c4ef57e2158f',1.0000,'PAC',1.0000,1.0000,''),(555,'2a714f32-4f56-4395-87ea-b1eb1c9c7c56','6f26ec4a-64c7-4916-8c63-47bd21e90857',10.0000,'PCS',1.0000,10.0000,''),(556,'2a714f32-4f56-4395-87ea-b1eb1c9c7c56','fbc9d662-f549-4abd-bb01-4fb749e7d344',3.0000,'KG',1.0000,3.0000,''),(557,'2a714f32-4f56-4395-87ea-b1eb1c9c7c56','9c5a0c4a-de0b-4b48-bde9-cf276f53d2a5',50.0000,'PCS',1.0000,50.0000,''),(558,'80b5bc9b-16f6-43a1-8198-d0dc6cee0cdb','06f71892-bb6a-488d-89ed-da7e634fe629',24.0000,'BTL',1.0000,24.0000,''),(559,'80b5bc9b-16f6-43a1-8198-d0dc6cee0cdb','5e8f7d1c-9c24-42cb-ab29-eb70ecad67d2',1.0000,'KLG',1.0000,1.0000,''),(560,'f39d16c3-6d6d-4813-b745-716a63fbc15d','01f1b87b-8959-4ae8-9fcf-7fe1d7323dd6',210.0000,'PCS',1.0000,210.0000,''),(561,'f39d16c3-6d6d-4813-b745-716a63fbc15d','7bea32a3-04f4-44e0-9e82-d2d0f17dfc0b',135.0000,'PAC',1.0000,135.0000,''),(562,'cf1db2a9-88cb-4910-9493-a1976f61b395','7bea32a3-04f4-44e0-9e82-d2d0f17dfc0b',30.0000,'PRS',1.0000,30.0000,''),(563,'cf1db2a9-88cb-4910-9493-a1976f61b395','01f1b87b-8959-4ae8-9fcf-7fe1d7323dd6',36.0000,'PCS',1.0000,36.0000,''),(564,'4954e42c-0f05-4314-b869-db6f2d12cf1f','06f71892-bb6a-488d-89ed-da7e634fe629',24.0000,'BTL',1.0000,24.0000,''),(565,'4954e42c-0f05-4314-b869-db6f2d12cf1f','6f26ec4a-64c7-4916-8c63-47bd21e90857',10.0000,'PCS',1.0000,10.0000,''),(566,'4954e42c-0f05-4314-b869-db6f2d12cf1f','c948efee-9989-4fc6-9f89-8a30a89bfd21',4.0000,'KLG',1.0000,4.0000,''),(567,'4954e42c-0f05-4314-b869-db6f2d12cf1f','9c5a0c4a-de0b-4b48-bde9-cf276f53d2a5',50.0000,'PCS',1.0000,50.0000,''),(568,'4954e42c-0f05-4314-b869-db6f2d12cf1f','c4002549-b88d-4153-9b7d-808396215249',30.0000,'SCT',1.0000,30.0000,''),(569,'168e2063-c295-4df8-ad68-21e12e563f11','7f1d5a40-9191-4922-9885-3fb1d51e4e99',4.0000,'KG',1.0000,4.0000,''),(570,'168e2063-c295-4df8-ad68-21e12e563f11','cb833e75-27e1-4e01-ad37-75243830eba7',4.0000,'KG',1.0000,4.0000,''),(571,'168e2063-c295-4df8-ad68-21e12e563f11','2e3fa010-51a3-467e-bd46-cb5c6e605750',30.0000,'SCT',1.0000,30.0000,''),(572,'168e2063-c295-4df8-ad68-21e12e563f11','06f71892-bb6a-488d-89ed-da7e634fe629',24.0000,'BTL',1.0000,24.0000,''),(593,'120533a3-2954-47a0-b571-434a207a8467','a5d09ab8-cb81-49ab-b544-4f051a45d386',1.0000,'DUS',1.0000,1.0000,''),(594,'120533a3-2954-47a0-b571-434a207a8467','793c9e38-effd-4cd7-81a5-524652c2f1ec',16.0000,'KG',1.0000,16.0000,''),(595,'120533a3-2954-47a0-b571-434a207a8467','01f1b87b-8959-4ae8-9fcf-7fe1d7323dd6',15.0000,'PCS',1.0000,15.0000,''),(596,'120533a3-2954-47a0-b571-434a207a8467','efcf339d-7048-4107-971c-d3e3a73eda5e',2.0000,'KG',1.0000,2.0000,''),(597,'120533a3-2954-47a0-b571-434a207a8467','116c5453-2821-4c6d-8ee0-d9660e60cfb6',25.0000,'KRG',1.0000,25.0000,''),(598,'120533a3-2954-47a0-b571-434a207a8467','b14b58b1-0085-4fb6-bd56-4ef7ef21e9b4',1.0000,'KG',1.0000,1.0000,''),(599,'120533a3-2954-47a0-b571-434a207a8467','3a7fab10-5677-4c12-9fa4-713fe2deb847',20.0000,'PRS',1.0000,20.0000,''),(600,'070856db-d6d9-417e-8cbd-b9292876bd18','9763f01f-6cc0-4b52-9cf7-7a0af764977f',42.0000,'PCS',1.0000,42.0000,''),(601,'070856db-d6d9-417e-8cbd-b9292876bd18','3a719ab6-2120-4de0-9f7e-d858f90c2507',42.0000,'PCS',1.0000,42.0000,''),(602,'070856db-d6d9-417e-8cbd-b9292876bd18','f527d9c4-8fbc-4d4b-b167-53325792e11f',20.0000,'PCS',1.0000,20.0000,''),(603,'070856db-d6d9-417e-8cbd-b9292876bd18','9def77da-aa55-4cb3-82f4-522ad7715927',30.0000,'PRS',1.0000,30.0000,''),(604,'070856db-d6d9-417e-8cbd-b9292876bd18','09e2024b-afc9-4023-b043-896bb385770c',15.0000,'PRS',1.0000,15.0000,''),(605,'070856db-d6d9-417e-8cbd-b9292876bd18','acbd7a61-6e0c-46b1-b17f-d02a2d796d4d',40.0000,'PRS',1.0000,40.0000,''),(606,'070856db-d6d9-417e-8cbd-b9292876bd18','7bea32a3-04f4-44e0-9e82-d2d0f17dfc0b',15.0000,'PRS',1.0000,15.0000,''),(607,'070856db-d6d9-417e-8cbd-b9292876bd18','e2968e29-a29f-4ae1-9235-c6e19782a698',60.0000,'PRS',1.0000,60.0000,''),(608,'070856db-d6d9-417e-8cbd-b9292876bd18','232633bf-0beb-42aa-939d-56e0b27f1387',45.0000,'PRS',1.0000,45.0000,''),(609,'070856db-d6d9-417e-8cbd-b9292876bd18','ee9f8d78-b8a9-4838-80e6-2bcf631324b3',20.0000,'PRS',1.0000,20.0000,''),(610,'070856db-d6d9-417e-8cbd-b9292876bd18','898323c9-9347-4381-a083-e081853e78ff',1.0000,'KG',1.0000,1.0000,''),(611,'50e74399-9828-482a-b074-90637fb82fa0','6483295f-35d3-4ff9-bb28-3d7b322b8844',3.0000,'KG',1.0000,3.0000,''),(612,'50e74399-9828-482a-b074-90637fb82fa0','f0527c87-1496-4d20-b96c-71facd0d5816',2.4300,'KG',1.0000,2.4300,''),(613,'50e74399-9828-482a-b074-90637fb82fa0','e73b7e2c-b77f-4ae6-9e15-f6a9c87687a5',2.0000,'PAC',1.0000,2.0000,''),(614,'50e74399-9828-482a-b074-90637fb82fa0','c558681c-2ae5-48bd-a42e-3be7be21a9b7',25.0000,'PCS',1.0000,25.0000,''),(615,'50e74399-9828-482a-b074-90637fb82fa0','b6749a2c-b887-4632-a66b-c87fc077f4d1',15.0000,'PRS',1.0000,15.0000,''),(616,'50e74399-9828-482a-b074-90637fb82fa0','232633bf-0beb-42aa-939d-56e0b27f1387',30.0000,'PRS',1.0000,30.0000,''),(617,'50e74399-9828-482a-b074-90637fb82fa0','09e2024b-afc9-4023-b043-896bb385770c',15.0000,'PRS',1.0000,15.0000,''),(618,'50e74399-9828-482a-b074-90637fb82fa0','a222c1fe-792d-4128-a0b6-c50d3e7be9ea',15.0000,'PRS',1.0000,15.0000,''),(619,'50e74399-9828-482a-b074-90637fb82fa0','48af6e8c-7886-40e6-ac84-ac49e452a9e5',16.0000,'PRS',1.0000,16.0000,''),(620,'50e74399-9828-482a-b074-90637fb82fa0','0107a91e-10c1-4a5f-8f6d-569d73c286bb',45.0000,'PRS',1.0000,45.0000,''),(621,'50e74399-9828-482a-b074-90637fb82fa0','5bc82d8d-8968-4fd4-8080-a90cd3736887',8.0000,'KG',1.0000,8.0000,''),(622,'50e74399-9828-482a-b074-90637fb82fa0','629e8f8f-8f46-4a3b-955c-5de2ae98195b',5.0000,'KG',1.0000,5.0000,''),(623,'50e74399-9828-482a-b074-90637fb82fa0','ccffe407-4044-4910-895c-690f8b346a20',2.0000,'KG',1.0000,2.0000,''),(624,'50e74399-9828-482a-b074-90637fb82fa0','7bea32a3-04f4-44e0-9e82-d2d0f17dfc0b',15.0000,'PRS',1.0000,15.0000,''),(625,'50e74399-9828-482a-b074-90637fb82fa0','efcf339d-7048-4107-971c-d3e3a73eda5e',2.0000,'KG',1.0000,2.0000,''),(626,'50e74399-9828-482a-b074-90637fb82fa0','81f5381d-c44a-4180-a668-147ce26c6bba',6.0000,'PCS',1.0000,6.0000,''),(627,'50e74399-9828-482a-b074-90637fb82fa0','01f1b87b-8959-4ae8-9fcf-7fe1d7323dd6',12.0000,'PCS',1.0000,12.0000,''),(628,'50e74399-9828-482a-b074-90637fb82fa0','898323c9-9347-4381-a083-e081853e78ff',1.0000,'KG',1.0000,1.0000,''),(629,'50e74399-9828-482a-b074-90637fb82fa0','7242aab2-7213-4f1e-8212-d8a6647bf6a9',4.0000,'KG',1.0000,4.0000,''),(630,'50e74399-9828-482a-b074-90637fb82fa0','a5d09ab8-cb81-49ab-b544-4f051a45d386',1.0000,'DUS',1.0000,1.0000,''),(631,'50e74399-9828-482a-b074-90637fb82fa0','006b663f-414d-4c13-85ba-23f28f0d5b71',20.0000,'PRS',1.0000,20.0000,''),(636,'8fefff5f-2fbf-470a-9e00-480e1f5f32af','06f71892-bb6a-488d-89ed-da7e634fe629',24.0000,'BTL',1.0000,24.0000,''),(637,'8fefff5f-2fbf-470a-9e00-480e1f5f32af','6f26ec4a-64c7-4916-8c63-47bd21e90857',10.0000,'PCS',1.0000,10.0000,''),(638,'8fefff5f-2fbf-470a-9e00-480e1f5f32af','c4002549-b88d-4153-9b7d-808396215249',30.0000,'SCT',1.0000,30.0000,''),(644,'04efb93f-6e31-416e-b5b6-c8577c1de712','fbc9d662-f549-4abd-bb01-4fb749e7d344',3.0000,'KG',1.0000,3.0000,''),(645,'04efb93f-6e31-416e-b5b6-c8577c1de712','06f71892-bb6a-488d-89ed-da7e634fe629',24.0000,'BTL',1.0000,24.0000,''),(646,'04efb93f-6e31-416e-b5b6-c8577c1de712','310c04f3-d9f2-4467-a5d3-b549b8901f60',12.0000,'BTL',1.0000,12.0000,''),(647,'04efb93f-6e31-416e-b5b6-c8577c1de712','f1a5852c-7ef1-4c26-89b4-015abf46c1c4',24.0000,'BTL',1.0000,24.0000,''),(648,'04efb93f-6e31-416e-b5b6-c8577c1de712','2e3fa010-51a3-467e-bd46-cb5c6e605750',30.0000,'SCT',1.0000,30.0000,''),(649,'173a7acf-6f13-44f1-a6d1-59d0d358710d','efcf339d-7048-4107-971c-d3e3a73eda5e',2.0000,'KG',1.0000,2.0000,''),(650,'173a7acf-6f13-44f1-a6d1-59d0d358710d','e73b7e2c-b77f-4ae6-9e15-f6a9c87687a5',2.0000,'PAC',1.0000,2.0000,''),(651,'173a7acf-6f13-44f1-a6d1-59d0d358710d','a1c82d7f-54ed-4d41-9f88-5ae07379000e',2.0000,'PAC',1.0000,2.0000,''),(652,'173a7acf-6f13-44f1-a6d1-59d0d358710d','c558681c-2ae5-48bd-a42e-3be7be21a9b7',50.0000,'PCS',1.0000,50.0000,''),(653,'173a7acf-6f13-44f1-a6d1-59d0d358710d','6483295f-35d3-4ff9-bb28-3d7b322b8844',4.0000,'KG',1.0000,4.0000,''),(654,'173a7acf-6f13-44f1-a6d1-59d0d358710d','ee9f8d78-b8a9-4838-80e6-2bcf631324b3',40.0000,'PRS',1.0000,40.0000,''),(655,'173a7acf-6f13-44f1-a6d1-59d0d358710d','838d220a-0497-49cc-8f59-0c211e9876f2',30.0000,'PRS',1.0000,30.0000,''),(656,'173a7acf-6f13-44f1-a6d1-59d0d358710d','4fc619e6-4cf2-441f-b149-56c1eb0cdd78',15.0000,'PRS',1.0000,15.0000,''),(657,'173a7acf-6f13-44f1-a6d1-59d0d358710d','3a7fab10-5677-4c12-9fa4-713fe2deb847',10.0000,'PRS',1.0000,10.0000,''),(658,'173a7acf-6f13-44f1-a6d1-59d0d358710d','006b663f-414d-4c13-85ba-23f28f0d5b71',10.0000,'PRS',1.0000,10.0000,''),(659,'22fe593c-cce7-424c-80a3-acc22e73c993','9763f01f-6cc0-4b52-9cf7-7a0af764977f',42.0000,'PCS',1.0000,42.0000,''),(660,'22fe593c-cce7-424c-80a3-acc22e73c993','3a719ab6-2120-4de0-9f7e-d858f90c2507',42.0000,'PCS',1.0000,42.0000,''),(661,'22fe593c-cce7-424c-80a3-acc22e73c993','94ddcfe7-3916-4277-b4b1-9a0d79e02864',20.0000,'PCS',1.0000,20.0000,''),(662,'22fe593c-cce7-424c-80a3-acc22e73c993','9779bf0b-93bd-4bf8-ad21-c33cabc30253',13.0000,'PRS',1.0000,13.0000,''),(663,'22fe593c-cce7-424c-80a3-acc22e73c993','09e2024b-afc9-4023-b043-896bb385770c',15.0000,'PRS',1.0000,15.0000,''),(664,'22fe593c-cce7-424c-80a3-acc22e73c993','46403eb2-eeb9-493e-a603-57e6c3c77930',15.0000,'PRS',1.0000,15.0000,''),(665,'22fe593c-cce7-424c-80a3-acc22e73c993','0107a91e-10c1-4a5f-8f6d-569d73c286bb',45.0000,'PRS',1.0000,45.0000,''),(666,'22fe593c-cce7-424c-80a3-acc22e73c993','a1e911c1-7158-4dfc-af1f-9ee14bed511b',5.0000,'KG',1.0000,5.0000,''),(667,'22fe593c-cce7-424c-80a3-acc22e73c993','a134c1ee-11aa-402e-905d-3f00bb3dcd3b',4.0000,'KG',1.0000,4.0000,''),(668,'22fe593c-cce7-424c-80a3-acc22e73c993','2d447cdd-e193-413b-9dba-74c90b8fa852',5.0000,'PRS',1.0000,5.0000,''),(669,'22fe593c-cce7-424c-80a3-acc22e73c993','e2968e29-a29f-4ae1-9235-c6e19782a698',100.0000,'PRS',1.0000,100.0000,''),(670,'22fe593c-cce7-424c-80a3-acc22e73c993','e73b7e2c-b77f-4ae6-9e15-f6a9c87687a5',2.0000,'PAC',1.0000,2.0000,''),(671,'22fe593c-cce7-424c-80a3-acc22e73c993','c558681c-2ae5-48bd-a42e-3be7be21a9b7',25.0000,'PCS',1.0000,25.0000,''),(672,'22fe593c-cce7-424c-80a3-acc22e73c993','6483295f-35d3-4ff9-bb28-3d7b322b8844',4.0000,'KG',1.0000,4.0000,''),(673,'22fe593c-cce7-424c-80a3-acc22e73c993','7242aab2-7213-4f1e-8212-d8a6647bf6a9',4.0000,'KG',1.0000,4.0000,''),(674,'22fe593c-cce7-424c-80a3-acc22e73c993','8dbb3c4d-ebd3-4418-8be4-bfad365c859c',4.0000,'KG',1.0000,4.0000,''),(675,'22fe593c-cce7-424c-80a3-acc22e73c993','3ace1135-637d-4b47-b9d5-aa206e63b62f',100.0000,'PRS',1.0000,100.0000,''),(676,'22fe593c-cce7-424c-80a3-acc22e73c993','b6749a2c-b887-4632-a66b-c87fc077f4d1',30.0000,'PRS',1.0000,30.0000,''),(677,'22fe593c-cce7-424c-80a3-acc22e73c993','ee9f8d78-b8a9-4838-80e6-2bcf631324b3',40.0000,'PRS',1.0000,40.0000,''),(678,'22fe593c-cce7-424c-80a3-acc22e73c993','01f1b87b-8959-4ae8-9fcf-7fe1d7323dd6',21.0000,'PCS',1.0000,21.0000,''),(682,'5fc469ea-6b94-4668-a9b8-4b187d048825','9f8dffb7-0dc3-4234-919c-d4aeb4dd78ba',1.0000,'KG',1.0000,1.0000,''),(683,'5fc469ea-6b94-4668-a9b8-4b187d048825','6483295f-35d3-4ff9-bb28-3d7b322b8844',5.0000,'KG',1.0000,5.0000,''),(684,'5fc469ea-6b94-4668-a9b8-4b187d048825','d0d1fcd4-0e8f-4d4c-a402-8dc3cff2b278',21.0000,'PCS',1.0000,21.0000,''),(685,'7f48d63c-2293-4b32-a05b-7c4c1c4efe4c','6f26ec4a-64c7-4916-8c63-47bd21e90857',10.0000,'PCS',1.0000,10.0000,''),(686,'7f48d63c-2293-4b32-a05b-7c4c1c4efe4c','158230c2-e34a-4d5e-a336-2ccccd583400',4.0000,'KG',1.0000,4.0000,''),(687,'7f48d63c-2293-4b32-a05b-7c4c1c4efe4c','06f71892-bb6a-488d-89ed-da7e634fe629',24.0000,'BTL',1.0000,24.0000,''),(688,'7f48d63c-2293-4b32-a05b-7c4c1c4efe4c','258e0b99-2b60-4eed-aa4d-90a1d192fb52',24.0000,'KLG',1.0000,24.0000,''),(689,'7f48d63c-2293-4b32-a05b-7c4c1c4efe4c','7f1d5a40-9191-4922-9885-3fb1d51e4e99',4.0000,'KG',1.0000,4.0000,''),(690,'5cf349f0-44bc-4fc8-aad5-544eb3599788','cd39e497-fe46-4f18-b145-04b75d81f890',45.0000,'PCS',1.0000,45.0000,''),(691,'5cf349f0-44bc-4fc8-aad5-544eb3599788','f0527c87-1496-4d20-b96c-71facd0d5816',2.4300,'KG',1.0000,2.4300,''),(692,'85f4d775-e46c-44c3-895a-4bd5472db69c','9763f01f-6cc0-4b52-9cf7-7a0af764977f',42.0000,'PCS',1.0000,42.0000,''),(693,'85f4d775-e46c-44c3-895a-4bd5472db69c','9932e5de-5e8d-43b4-826d-9bcdf2d6e8b7',21.0000,'PCS',1.0000,21.0000,''),(694,'85f4d775-e46c-44c3-895a-4bd5472db69c','01f1b87b-8959-4ae8-9fcf-7fe1d7323dd6',30.0000,'PCS',1.0000,30.0000,''),(695,'85f4d775-e46c-44c3-895a-4bd5472db69c','cd39e497-fe46-4f18-b145-04b75d81f890',15.0000,'PCS',1.0000,15.0000,''),(696,'85f4d775-e46c-44c3-895a-4bd5472db69c','30631d57-df5d-46b6-a2d2-6afbacb113ed',15.0000,'PCS',1.0000,15.0000,''),(697,'85f4d775-e46c-44c3-895a-4bd5472db69c','09e2024b-afc9-4023-b043-896bb385770c',15.0000,'PRS',1.0000,15.0000,''),(698,'85f4d775-e46c-44c3-895a-4bd5472db69c','0107a91e-10c1-4a5f-8f6d-569d73c286bb',45.0000,'PRS',1.0000,45.0000,''),(699,'85f4d775-e46c-44c3-895a-4bd5472db69c','2abed24e-28db-41f6-a931-2dfef5794fc8',3.0000,'KG',1.0000,3.0000,''),(700,'85f4d775-e46c-44c3-895a-4bd5472db69c','5bc82d8d-8968-4fd4-8080-a90cd3736887',5.0000,'KG',1.0000,5.0000,''),(701,'85f4d775-e46c-44c3-895a-4bd5472db69c','a134c1ee-11aa-402e-905d-3f00bb3dcd3b',5.0000,'KG',1.0000,5.0000,''),(702,'85f4d775-e46c-44c3-895a-4bd5472db69c','efcf339d-7048-4107-971c-d3e3a73eda5e',1.0000,'KG',1.0000,1.0000,''),(703,'85f4d775-e46c-44c3-895a-4bd5472db69c','803b4852-6bd9-41a6-8e0a-3efcce786195',2.0000,'KG',1.0000,2.0000,''),(704,'85f4d775-e46c-44c3-895a-4bd5472db69c','e2968e29-a29f-4ae1-9235-c6e19782a698',40.0000,'PRS',1.0000,40.0000,''),(705,'85f4d775-e46c-44c3-895a-4bd5472db69c','3ace1135-637d-4b47-b9d5-aa206e63b62f',40.0000,'PRS',1.0000,40.0000,''),(706,'85f4d775-e46c-44c3-895a-4bd5472db69c','e73b7e2c-b77f-4ae6-9e15-f6a9c87687a5',2.0000,'PAC',1.0000,2.0000,''),(707,'85f4d775-e46c-44c3-895a-4bd5472db69c','a1c82d7f-54ed-4d41-9f88-5ae07379000e',2.0000,'PAC',1.0000,2.0000,''),(708,'85f4d775-e46c-44c3-895a-4bd5472db69c','c558681c-2ae5-48bd-a42e-3be7be21a9b7',25.0000,'PCS',1.0000,25.0000,''),(709,'85f4d775-e46c-44c3-895a-4bd5472db69c','7242aab2-7213-4f1e-8212-d8a6647bf6a9',4.0000,'KG',1.0000,4.0000,''),(710,'85f4d775-e46c-44c3-895a-4bd5472db69c','7bea32a3-04f4-44e0-9e82-d2d0f17dfc0b',30.0000,'PRS',1.0000,30.0000,''),(711,'85f4d775-e46c-44c3-895a-4bd5472db69c','a5d09ab8-cb81-49ab-b544-4f051a45d386',2.0000,'DUS',1.0000,2.0000,''),(712,'85f4d775-e46c-44c3-895a-4bd5472db69c','898323c9-9347-4381-a083-e081853e78ff',1.0000,'KG',1.0000,1.0000,''),(719,'7a2d3b02-aa79-4e9d-bcd1-462eacdcda5f','acbd7a61-6e0c-46b1-b17f-d02a2d796d4d',40.0000,'PRS',1.0000,40.0000,''),(720,'7a2d3b02-aa79-4e9d-bcd1-462eacdcda5f','f527d9c4-8fbc-4d4b-b167-53325792e11f',20.0000,'PCS',1.0000,20.0000,''),(721,'7a2d3b02-aa79-4e9d-bcd1-462eacdcda5f','9779bf0b-93bd-4bf8-ad21-c33cabc30253',13.0000,'PRS',1.0000,13.0000,''),(722,'7a2d3b02-aa79-4e9d-bcd1-462eacdcda5f','e73b7e2c-b77f-4ae6-9e15-f6a9c87687a5',2.0000,'PAC',1.0000,2.0000,''),(723,'7a2d3b02-aa79-4e9d-bcd1-462eacdcda5f','ee9f8d78-b8a9-4838-80e6-2bcf631324b3',20.0000,'PRS',1.0000,20.0000,''),(724,'7a2d3b02-aa79-4e9d-bcd1-462eacdcda5f','7bea32a3-04f4-44e0-9e82-d2d0f17dfc0b',15.0000,'PRS',1.0000,15.0000,''),(725,'331abf91-fad1-4c1e-8828-6ef55ec63a36','6483295f-35d3-4ff9-bb28-3d7b322b8844',3.0000,'KG',1.0000,3.0000,''),(726,'331abf91-fad1-4c1e-8828-6ef55ec63a36','35f40b80-2669-4f8c-ab14-31faad685fb6',1.0000,'BTL',1.0000,1.0000,''),(727,'331abf91-fad1-4c1e-8828-6ef55ec63a36','9763f01f-6cc0-4b52-9cf7-7a0af764977f',42.0000,'PCS',1.0000,42.0000,''),(728,'331abf91-fad1-4c1e-8828-6ef55ec63a36','9932e5de-5e8d-43b4-826d-9bcdf2d6e8b7',21.0000,'PCS',1.0000,21.0000,''),(729,'331abf91-fad1-4c1e-8828-6ef55ec63a36','5f51580c-9017-4127-a8e7-87f886a62c0f',6.0000,'PRS',1.0000,6.0000,''),(730,'331abf91-fad1-4c1e-8828-6ef55ec63a36','232633bf-0beb-42aa-939d-56e0b27f1387',30.0000,'PRS',1.0000,30.0000,''),(731,'331abf91-fad1-4c1e-8828-6ef55ec63a36','b6749a2c-b887-4632-a66b-c87fc077f4d1',45.0000,'PRS',1.0000,45.0000,''),(732,'331abf91-fad1-4c1e-8828-6ef55ec63a36','ee9f8d78-b8a9-4838-80e6-2bcf631324b3',40.0000,'PRS',1.0000,40.0000,''),(733,'331abf91-fad1-4c1e-8828-6ef55ec63a36','ccffe407-4044-4910-895c-690f8b346a20',2.0000,'KG',1.0000,2.0000,''),(734,'331abf91-fad1-4c1e-8828-6ef55ec63a36','a134c1ee-11aa-402e-905d-3f00bb3dcd3b',3.0000,'KG',1.0000,3.0000,''),(735,'331abf91-fad1-4c1e-8828-6ef55ec63a36','acbd7a61-6e0c-46b1-b17f-d02a2d796d4d',30.0000,'PRS',1.0000,30.0000,''),(736,'331abf91-fad1-4c1e-8828-6ef55ec63a36','e2968e29-a29f-4ae1-9235-c6e19782a698',60.0000,'PRS',1.0000,60.0000,''),(737,'331abf91-fad1-4c1e-8828-6ef55ec63a36','f39b7dac-dd61-4d8f-8a18-5e2d6348e23c',12.0000,'KG',1.0000,12.0000,''),(738,'331abf91-fad1-4c1e-8828-6ef55ec63a36','efcf339d-7048-4107-971c-d3e3a73eda5e',2.0000,'KG',1.0000,2.0000,''),(739,'331abf91-fad1-4c1e-8828-6ef55ec63a36','b14b58b1-0085-4fb6-bd56-4ef7ef21e9b4',2.0000,'KG',1.0000,2.0000,''),(740,'331abf91-fad1-4c1e-8828-6ef55ec63a36','01f1b87b-8959-4ae8-9fcf-7fe1d7323dd6',30.0000,'PCS',1.0000,30.0000,''),(741,'331abf91-fad1-4c1e-8828-6ef55ec63a36','7bea32a3-04f4-44e0-9e82-d2d0f17dfc0b',15.0000,'PRS',1.0000,15.0000,''),(742,'331abf91-fad1-4c1e-8828-6ef55ec63a36','a5d09ab8-cb81-49ab-b544-4f051a45d386',2.0000,'DUS',1.0000,2.0000,''),(743,'0f82b74f-5060-4aac-917f-8b3343859b1c','c948efee-9989-4fc6-9f89-8a30a89bfd21',4.0000,'KLG',1.0000,4.0000,''),(744,'0f82b74f-5060-4aac-917f-8b3343859b1c','cb833e75-27e1-4e01-ad37-75243830eba7',4.0000,'KG',1.0000,4.0000,''),(745,'0f82b74f-5060-4aac-917f-8b3343859b1c','fbc9d662-f549-4abd-bb01-4fb749e7d344',3.0000,'KG',1.0000,3.0000,''),(758,'00c707f5-8c69-420c-8b9b-f8a15e3480de','caf1b831-72a1-4148-b130-15083dfcbfae',1.0000,'KG',1.0000,1.0000,''),(759,'00c707f5-8c69-420c-8b9b-f8a15e3480de','1c7f60eb-24e3-426b-87fa-9e64bacbbc36',48.0000,'PRS',1.0000,48.0000,''),(760,'00c707f5-8c69-420c-8b9b-f8a15e3480de','ceebb127-e55b-45f6-a0d0-a51e486e0229',60.0000,'PRS',1.0000,60.0000,''),(761,'00c707f5-8c69-420c-8b9b-f8a15e3480de','a8a7b97f-3ed2-4e6d-a01d-1b58420a99af',4.0000,'BTG',1.0000,4.0000,''),(762,'00c707f5-8c69-420c-8b9b-f8a15e3480de','528dd0f9-59ef-479f-9bcb-decdd3c223d8',60.0000,'PRS',1.0000,60.0000,''),(763,'00c707f5-8c69-420c-8b9b-f8a15e3480de','52910c5d-1448-4109-8c02-5f447ec87220',90.0000,'PCS',1.0000,90.0000,''),(764,'00c707f5-8c69-420c-8b9b-f8a15e3480de','9c65aed9-b08e-4f8d-b0df-06d431d51ed2',10.0000,'KG',1.0000,10.0000,''),(765,'00c707f5-8c69-420c-8b9b-f8a15e3480de','ea2bd839-5aa6-4466-a579-53056a4590a7',30.0000,'PRS',1.0000,30.0000,''),(766,'4ba512d8-0fbf-413a-bd7e-1279c6360131','116c5453-2821-4c6d-8ee0-d9660e60cfb6',50.0000,'KG',1.0000,50.0000,'Import Excel'),(767,'4ba512d8-0fbf-413a-bd7e-1279c6360131','a5d09ab8-cb81-49ab-b544-4f051a45d386',6.0000,'DUS',1.0000,6.0000,'Import Excel'),(768,'4ba512d8-0fbf-413a-bd7e-1279c6360131','9c65aed9-b08e-4f8d-b0df-06d431d51ed2',10.0000,'KG',1.0000,10.0000,'Import Excel'),(769,'4ba512d8-0fbf-413a-bd7e-1279c6360131','a1c82d7f-54ed-4d41-9f88-5ae07379000e',16.0000,'PAC',1.0000,16.0000,'Import Excel'),(770,'4ba512d8-0fbf-413a-bd7e-1279c6360131','e73b7e2c-b77f-4ae6-9e15-f6a9c87687a5',24.0000,'PAC',1.0000,24.0000,'Import Excel'),(771,'4ba512d8-0fbf-413a-bd7e-1279c6360131','c558681c-2ae5-48bd-a42e-3be7be21a9b7',500.0000,'PCS',1.0000,500.0000,'Import Excel'),(772,'4ba512d8-0fbf-413a-bd7e-1279c6360131','168a3372-9c90-48e7-96bc-405db3006563',4.0000,'DUS',1.0000,4.0000,'Import Excel'),(773,'4ba512d8-0fbf-413a-bd7e-1279c6360131','32c0d61c-9c7d-48e6-9a3c-e1eed210c66a',4.0000,'DRG',1.0000,4.0000,'Import Excel'),(774,'4ba512d8-0fbf-413a-bd7e-1279c6360131','06f71892-bb6a-488d-89ed-da7e634fe629',120.0000,'BTL',1.0000,120.0000,'Import Excel'),(775,'4ba512d8-0fbf-413a-bd7e-1279c6360131','2e3fa010-51a3-467e-bd46-cb5c6e605750',180.0000,'SCT',1.0000,180.0000,'Import Excel'),(776,'4ba512d8-0fbf-413a-bd7e-1279c6360131','c4002549-b88d-4153-9b7d-808396215249',60.0000,'SCT',1.0000,60.0000,'Import Excel'),(777,'4ba512d8-0fbf-413a-bd7e-1279c6360131','310c04f3-d9f2-4467-a5d3-b549b8901f60',12.0000,'BTL',1.0000,12.0000,'Import Excel'),(778,'4ba512d8-0fbf-413a-bd7e-1279c6360131','0c82bbd5-3ca2-4e09-a976-0668a83312b5',12.0000,'BTL',1.0000,12.0000,'Import Excel'),(779,'4ba512d8-0fbf-413a-bd7e-1279c6360131','258e0b99-2b60-4eed-aa4d-90a1d192fb52',24.0000,'KLG',1.0000,24.0000,'Import Excel'),(780,'4ba512d8-0fbf-413a-bd7e-1279c6360131','9c5a0c4a-de0b-4b48-bde9-cf276f53d2a5',200.0000,'PCS',1.0000,200.0000,'Import Excel'),(781,'4ba512d8-0fbf-413a-bd7e-1279c6360131','5d5342d5-5e5a-4ecb-b33c-7497dc3baaee',18.0000,'PCS',1.0000,18.0000,'Import Excel'),(782,'4ba512d8-0fbf-413a-bd7e-1279c6360131','bec0746f-7fd1-40a4-b0db-9007ca124d27',3.0000,'DRG',1.0000,3.0000,'Import Excel'),(783,'4ba512d8-0fbf-413a-bd7e-1279c6360131','8b27f47b-655f-48e9-a0c0-bc899ab56f8e',60.0000,'Pcs',1.0000,60.0000,'Import Excel'),(784,'b883dad2-c3c2-424a-8ad3-ff250e50a673','3e5baf4c-91bc-4542-87b1-62bc4cd2d1c5',0.1000,'PAC',1.0000,0.1000,''),(785,'b883dad2-c3c2-424a-8ad3-ff250e50a673','2d447cdd-e193-413b-9dba-74c90b8fa852',5.0000,'PRS',1.0000,5.0000,''),(786,'2dcbac1a-dce6-4a8c-8bb2-39587129af0c','3a719ab6-2120-4de0-9f7e-d858f90c2507',21.0000,'PCS',1.0000,21.0000,''),(787,'2dcbac1a-dce6-4a8c-8bb2-39587129af0c','46403eb2-eeb9-493e-a603-57e6c3c77930',15.0000,'PRS',1.0000,15.0000,''),(788,'2dcbac1a-dce6-4a8c-8bb2-39587129af0c','0107a91e-10c1-4a5f-8f6d-569d73c286bb',30.0000,'PRS',1.0000,30.0000,''),(789,'2dcbac1a-dce6-4a8c-8bb2-39587129af0c','d0d1fcd4-0e8f-4d4c-a402-8dc3cff2b278',21.0000,'PCS',1.0000,21.0000,''),(790,'2dcbac1a-dce6-4a8c-8bb2-39587129af0c','8cc8e3af-dc74-4af4-ae4d-6b226502ebe1',3.0000,'PRS',1.0000,3.0000,''),(791,'2dcbac1a-dce6-4a8c-8bb2-39587129af0c','898323c9-9347-4381-a083-e081853e78ff',1.0000,'KG',1.0000,1.0000,''),(792,'3a9afa1e-7b4d-4b40-a8cc-80610f3dfec8','09e2024b-afc9-4023-b043-896bb385770c',30.0000,'PRS',1.0000,30.0000,''),(793,'3a9afa1e-7b4d-4b40-a8cc-80610f3dfec8','0107a91e-10c1-4a5f-8f6d-569d73c286bb',30.0000,'PRS',1.0000,30.0000,''),(794,'3a9afa1e-7b4d-4b40-a8cc-80610f3dfec8','2abed24e-28db-41f6-a931-2dfef5794fc8',3.0000,'KG',1.0000,3.0000,''),(795,'3a9afa1e-7b4d-4b40-a8cc-80610f3dfec8','a1e911c1-7158-4dfc-af1f-9ee14bed511b',3.0000,'KG',1.0000,3.0000,''),(796,'3a9afa1e-7b4d-4b40-a8cc-80610f3dfec8','5bc82d8d-8968-4fd4-8080-a90cd3736887',5.0000,'KG',1.0000,5.0000,''),(797,'3a9afa1e-7b4d-4b40-a8cc-80610f3dfec8','a134c1ee-11aa-402e-905d-3f00bb3dcd3b',3.0000,'KG',1.0000,3.0000,''),(798,'3a9afa1e-7b4d-4b40-a8cc-80610f3dfec8','629e8f8f-8f46-4a3b-955c-5de2ae98195b',3.0000,'KG',1.0000,3.0000,''),(799,'3a9afa1e-7b4d-4b40-a8cc-80610f3dfec8','0b89fa82-8572-473f-965b-689ed8e8abd1',2.0000,'KG',1.0000,2.0000,''),(800,'3a9afa1e-7b4d-4b40-a8cc-80610f3dfec8','e2968e29-a29f-4ae1-9235-c6e19782a698',60.0000,'PRS',1.0000,60.0000,''),(801,'3a9afa1e-7b4d-4b40-a8cc-80610f3dfec8','7d354e1a-25ad-4859-966a-af9b39715a11',1.0000,'KG',1.0000,1.0000,''),(802,'3a9afa1e-7b4d-4b40-a8cc-80610f3dfec8','e73b7e2c-b77f-4ae6-9e15-f6a9c87687a5',2.0000,'PAC',1.0000,2.0000,''),(803,'3a9afa1e-7b4d-4b40-a8cc-80610f3dfec8','6483295f-35d3-4ff9-bb28-3d7b322b8844',3.0000,'KG',1.0000,3.0000,''),(804,'3a9afa1e-7b4d-4b40-a8cc-80610f3dfec8','3a7fab10-5677-4c12-9fa4-713fe2deb847',10.0000,'PRS',1.0000,10.0000,''),(805,'3a9afa1e-7b4d-4b40-a8cc-80610f3dfec8','7242aab2-7213-4f1e-8212-d8a6647bf6a9',4.0000,'KG',1.0000,4.0000,''),(806,'3a9afa1e-7b4d-4b40-a8cc-80610f3dfec8','902e8f4f-ddfc-46e3-bdd5-5062de73a1d2',10.0000,'PRS',1.0000,10.0000,''),(807,'1625eb58-0c0d-4ea1-b6d9-4dbb6c038d10','06f71892-bb6a-488d-89ed-da7e634fe629',24.0000,'BTL',1.0000,24.0000,''),(808,'1625eb58-0c0d-4ea1-b6d9-4dbb6c038d10','c4002549-b88d-4153-9b7d-808396215249',30.0000,'SCT',1.0000,30.0000,''),(809,'1625eb58-0c0d-4ea1-b6d9-4dbb6c038d10','5d5342d5-5e5a-4ecb-b33c-7497dc3baaee',6.0000,'PCS',1.0000,6.0000,''),(810,'1625eb58-0c0d-4ea1-b6d9-4dbb6c038d10','9c5a0c4a-de0b-4b48-bde9-cf276f53d2a5',50.0000,'PCS',1.0000,50.0000,''),(811,'1625eb58-0c0d-4ea1-b6d9-4dbb6c038d10','5e8f7d1c-9c24-42cb-ab29-eb70ecad67d2',1.0000,'KLG',1.0000,1.0000,''),(812,'1625eb58-0c0d-4ea1-b6d9-4dbb6c038d10','2e3fa010-51a3-467e-bd46-cb5c6e605750',30.0000,'SCT',1.0000,30.0000,''),(813,'1625eb58-0c0d-4ea1-b6d9-4dbb6c038d10','cb833e75-27e1-4e01-ad37-75243830eba7',4.0000,'KG',1.0000,4.0000,''),(814,'d2ecc2a0-352c-487e-a311-a65ffb1a6da7','b4d771ac-5c55-4354-9474-66ec58ff3584',24.0000,'KLG',1.0000,24.0000,''),(815,'d2ecc2a0-352c-487e-a311-a65ffb1a6da7','c9a810de-81b7-4f33-b6e6-0773156afddd',3.0000,'KG',1.0000,3.0000,''),(816,'d2ecc2a0-352c-487e-a311-a65ffb1a6da7','9c5a0c4a-de0b-4b48-bde9-cf276f53d2a5',50.0000,'PCS',1.0000,50.0000,''),(817,'d2ecc2a0-352c-487e-a311-a65ffb1a6da7','310c04f3-d9f2-4467-a5d3-b549b8901f60',12.0000,'BTL',1.0000,12.0000,''),(818,'ddf60609-6502-4818-9f0d-8741227d0aa0','d0d1fcd4-0e8f-4d4c-a402-8dc3cff2b278',21.0000,'PCS',1.0000,21.0000,''),(819,'ddf60609-6502-4818-9f0d-8741227d0aa0','9763f01f-6cc0-4b52-9cf7-7a0af764977f',63.0000,'PCS',1.0000,63.0000,''),(820,'ddf60609-6502-4818-9f0d-8741227d0aa0','b9a0520e-e9a0-42c8-b46b-12879eb828f2',13.0000,'PRS',1.0000,13.0000,''),(821,'ddf60609-6502-4818-9f0d-8741227d0aa0','bca210ab-731f-46ad-8729-a27f18051a2a',23.0000,'PRS',1.0000,23.0000,''),(822,'ddf60609-6502-4818-9f0d-8741227d0aa0','01f1b87b-8959-4ae8-9fcf-7fe1d7323dd6',24.0000,'PCS',1.0000,24.0000,''),(823,'ddf60609-6502-4818-9f0d-8741227d0aa0','3a719ab6-2120-4de0-9f7e-d858f90c2507',42.0000,'PCS',1.0000,42.0000,''),(824,'ddf60609-6502-4818-9f0d-8741227d0aa0','76a220dd-a721-4c00-89fe-1cc6cb6bdd23',21.0000,'PCS',1.0000,21.0000,''),(825,'ddf60609-6502-4818-9f0d-8741227d0aa0','cd39e497-fe46-4f18-b145-04b75d81f890',15.0000,'PCS',1.0000,15.0000,''),(826,'ddf60609-6502-4818-9f0d-8741227d0aa0','9779bf0b-93bd-4bf8-ad21-c33cabc30253',26.0000,'PRS',1.0000,26.0000,''),(827,'ddf60609-6502-4818-9f0d-8741227d0aa0','1bbee04f-86a0-49dd-850a-b7eb60e244a6',13.0000,'PRS',1.0000,13.0000,''),(828,'ddf60609-6502-4818-9f0d-8741227d0aa0','48af6e8c-7886-40e6-ac84-ac49e452a9e5',32.0000,'PRS',1.0000,32.0000,''),(829,'ddf60609-6502-4818-9f0d-8741227d0aa0','0107a91e-10c1-4a5f-8f6d-569d73c286bb',60.0000,'PRS',1.0000,60.0000,''),(830,'ddf60609-6502-4818-9f0d-8741227d0aa0','b6749a2c-b887-4632-a66b-c87fc077f4d1',30.0000,'PRS',1.0000,30.0000,''),(831,'ddf60609-6502-4818-9f0d-8741227d0aa0','4fc619e6-4cf2-441f-b149-56c1eb0cdd78',15.0000,'PRS',1.0000,15.0000,''),(832,'ddf60609-6502-4818-9f0d-8741227d0aa0','46403eb2-eeb9-493e-a603-57e6c3c77930',30.0000,'PRS',1.0000,30.0000,''),(833,'ddf60609-6502-4818-9f0d-8741227d0aa0','232633bf-0beb-42aa-939d-56e0b27f1387',30.0000,'PRS',1.0000,30.0000,''),(834,'ddf60609-6502-4818-9f0d-8741227d0aa0','9def77da-aa55-4cb3-82f4-522ad7715927',30.0000,'PRS',1.0000,30.0000,''),(835,'ddf60609-6502-4818-9f0d-8741227d0aa0','c5e64aba-39c7-42c4-bdc4-e694d18df851',10.0000,'PRS',1.0000,10.0000,''),(836,'ddf60609-6502-4818-9f0d-8741227d0aa0','8cc8e3af-dc74-4af4-ae4d-6b226502ebe1',5.0000,'PRS',1.0000,5.0000,''),(837,'ddf60609-6502-4818-9f0d-8741227d0aa0','2d447cdd-e193-413b-9dba-74c90b8fa852',5.0000,'PRS',1.0000,5.0000,''),(838,'ddf60609-6502-4818-9f0d-8741227d0aa0','2b59f889-9afa-47e1-8aa4-c0774a7e2785',3.0000,'PRS',1.0000,3.0000,''),(839,'ddf60609-6502-4818-9f0d-8741227d0aa0','a134c1ee-11aa-402e-905d-3f00bb3dcd3b',5.0000,'KG',1.0000,5.0000,''),(840,'ddf60609-6502-4818-9f0d-8741227d0aa0','a1e911c1-7158-4dfc-af1f-9ee14bed511b',3.0000,'KG',1.0000,3.0000,''),(841,'ddf60609-6502-4818-9f0d-8741227d0aa0','e2968e29-a29f-4ae1-9235-c6e19782a698',100.0000,'PRS',1.0000,100.0000,''),(842,'ddf60609-6502-4818-9f0d-8741227d0aa0','90a8c832-02f7-4b7c-9c6e-66217acaa9ac',1.0000,'PAC',1.0000,1.0000,''),(843,'ddf60609-6502-4818-9f0d-8741227d0aa0','9f8dffb7-0dc3-4234-919c-d4aeb4dd78ba',1.0000,'KG',1.0000,1.0000,''),(844,'ddf60609-6502-4818-9f0d-8741227d0aa0','0c38f559-fca9-4c82-85f3-5ac835840460',20.0000,'PRS',1.0000,20.0000,''),(845,'ddf60609-6502-4818-9f0d-8741227d0aa0','7bea32a3-04f4-44e0-9e82-d2d0f17dfc0b',12.0000,'PRS',1.0000,12.0000,''),(846,'ddf60609-6502-4818-9f0d-8741227d0aa0','a5d09ab8-cb81-49ab-b544-4f051a45d386',2.0000,'DUS',1.0000,2.0000,''),(847,'ddf60609-6502-4818-9f0d-8741227d0aa0','7242aab2-7213-4f1e-8212-d8a6647bf6a9',8.0000,'KG',1.0000,8.0000,''),(848,'b8fc1345-557b-4567-8501-48ef836bc747','5f51580c-9017-4127-a8e7-87f886a62c0f',12.0000,'PRS',1.0000,12.0000,''),(849,'b8fc1345-557b-4567-8501-48ef836bc747','32c0d61c-9c7d-48e6-9a3c-e1eed210c66a',1.0000,'DRG',1.0000,1.0000,''),(850,'2637540a-0dc7-4d14-8fee-47eaaef9ba0d','c4002549-b88d-4153-9b7d-808396215249',30.0000,'SCT',1.0000,30.0000,''),(851,'2637540a-0dc7-4d14-8fee-47eaaef9ba0d','c948efee-9989-4fc6-9f89-8a30a89bfd21',2.0000,'KLG',1.0000,2.0000,''),(852,'a64162ca-76fb-4790-bd60-f3b863229e0f','bec0746f-7fd1-40a4-b0db-9007ca124d27',1.0000,'DRG',1.0000,1.0000,''),(853,'a64162ca-76fb-4790-bd60-f3b863229e0f','22090c01-d57a-4aa1-9b0a-0340ba3effe3',1.0000,'PAC',1.0000,1.0000,''),(854,'a64162ca-76fb-4790-bd60-f3b863229e0f','06f71892-bb6a-488d-89ed-da7e634fe629',24.0000,'BTL',1.0000,24.0000,''),(855,'a64162ca-76fb-4790-bd60-f3b863229e0f','cb833e75-27e1-4e01-ad37-75243830eba7',4.0000,'KG',1.0000,4.0000,''),(856,'a64162ca-76fb-4790-bd60-f3b863229e0f','7f1d5a40-9191-4922-9885-3fb1d51e4e99',4.0000,'KG',1.0000,4.0000,''),(857,'a64162ca-76fb-4790-bd60-f3b863229e0f','c9a810de-81b7-4f33-b6e6-0773156afddd',6.0000,'KG',1.0000,6.0000,''),(858,'2396ebb6-acb4-47d1-8970-113d1be96567','9763f01f-6cc0-4b52-9cf7-7a0af764977f',42.0000,'PCS',1.0000,42.0000,''),(859,'2396ebb6-acb4-47d1-8970-113d1be96567','cd39e497-fe46-4f18-b145-04b75d81f890',15.0000,'PCS',1.0000,15.0000,''),(860,'2396ebb6-acb4-47d1-8970-113d1be96567','f0b30684-75df-426f-8d55-d706f550e022',21.0000,'PCS',1.0000,21.0000,''),(861,'2396ebb6-acb4-47d1-8970-113d1be96567','d0d1fcd4-0e8f-4d4c-a402-8dc3cff2b278',21.0000,'PCS',1.0000,21.0000,''),(862,'2396ebb6-acb4-47d1-8970-113d1be96567','a222c1fe-792d-4128-a0b6-c50d3e7be9ea',15.0000,'PRS',1.0000,15.0000,''),(863,'2396ebb6-acb4-47d1-8970-113d1be96567','ee9f8d78-b8a9-4838-80e6-2bcf631324b3',40.0000,'PRS',1.0000,40.0000,''),(864,'2396ebb6-acb4-47d1-8970-113d1be96567','01f1b87b-8959-4ae8-9fcf-7fe1d7323dd6',30.0000,'PCS',1.0000,30.0000,''),(865,'2396ebb6-acb4-47d1-8970-113d1be96567','ccffe407-4044-4910-895c-690f8b346a20',3.0000,'KG',1.0000,3.0000,''),(866,'2396ebb6-acb4-47d1-8970-113d1be96567','5bc82d8d-8968-4fd4-8080-a90cd3736887',5.0000,'KG',1.0000,5.0000,''),(867,'2396ebb6-acb4-47d1-8970-113d1be96567','a134c1ee-11aa-402e-905d-3f00bb3dcd3b',5.0000,'KG',1.0000,5.0000,''),(868,'2396ebb6-acb4-47d1-8970-113d1be96567','629e8f8f-8f46-4a3b-955c-5de2ae98195b',5.0000,'KG',1.0000,5.0000,''),(869,'2396ebb6-acb4-47d1-8970-113d1be96567','803b4852-6bd9-41a6-8e0a-3efcce786195',2.0000,'KG',1.0000,2.0000,''),(870,'2396ebb6-acb4-47d1-8970-113d1be96567','8cc8e3af-dc74-4af4-ae4d-6b226502ebe1',5.0000,'PRS',1.0000,5.0000,''),(871,'2396ebb6-acb4-47d1-8970-113d1be96567','2b59f889-9afa-47e1-8aa4-c0774a7e2785',5.0000,'PRS',1.0000,5.0000,''),(872,'2396ebb6-acb4-47d1-8970-113d1be96567','c558681c-2ae5-48bd-a42e-3be7be21a9b7',50.0000,'PCS',1.0000,50.0000,''),(873,'2396ebb6-acb4-47d1-8970-113d1be96567','35f40b80-2669-4f8c-ab14-31faad685fb6',1.0000,'BTL',1.0000,1.0000,''),(874,'2396ebb6-acb4-47d1-8970-113d1be96567','6483295f-35d3-4ff9-bb28-3d7b322b8844',5.0000,'KG',1.0000,5.0000,''),(875,'2396ebb6-acb4-47d1-8970-113d1be96567','793c9e38-effd-4cd7-81a5-524652c2f1ec',16.0000,'KG',1.0000,16.0000,''),(876,'2396ebb6-acb4-47d1-8970-113d1be96567','3ace1135-637d-4b47-b9d5-aa206e63b62f',40.0000,'PRS',1.0000,40.0000,''),(877,'2396ebb6-acb4-47d1-8970-113d1be96567','e2968e29-a29f-4ae1-9235-c6e19782a698',20.0000,'PRS',1.0000,20.0000,''),(878,'00f69d10-7bbd-492b-b8a4-bddc31ee0d93','e73b7e2c-b77f-4ae6-9e15-f6a9c87687a5',2.0000,'PAC',1.0000,2.0000,''),(879,'00f69d10-7bbd-492b-b8a4-bddc31ee0d93','a1c82d7f-54ed-4d41-9f88-5ae07379000e',2.0000,'PAC',1.0000,2.0000,''),(880,'00f69d10-7bbd-492b-b8a4-bddc31ee0d93','09e2024b-afc9-4023-b043-896bb385770c',15.0000,'PRS',1.0000,15.0000,''),(881,'00f69d10-7bbd-492b-b8a4-bddc31ee0d93','ccffe407-4044-4910-895c-690f8b346a20',4.0000,'KG',1.0000,4.0000,''),(882,'00f69d10-7bbd-492b-b8a4-bddc31ee0d93','803b4852-6bd9-41a6-8e0a-3efcce786195',1.0000,'KG',1.0000,1.0000,''),(883,'00f69d10-7bbd-492b-b8a4-bddc31ee0d93','7242aab2-7213-4f1e-8212-d8a6647bf6a9',4.0000,'KG',1.0000,4.0000,''),(884,'00f69d10-7bbd-492b-b8a4-bddc31ee0d93','f39b7dac-dd61-4d8f-8a18-5e2d6348e23c',12.0000,'KG',1.0000,12.0000,''),(885,'00f69d10-7bbd-492b-b8a4-bddc31ee0d93','a7aa07b5-5738-4b4f-89e0-717e3cbd1b86',0.5000,'KG',1.0000,0.5000,''),(886,'00f69d10-7bbd-492b-b8a4-bddc31ee0d93','f0527c87-1496-4d20-b96c-71facd0d5816',2.4300,'KG',1.0000,2.4300,''),(887,'cb923dd0-72fe-4c96-864c-bb70791a0e5e','06f71892-bb6a-488d-89ed-da7e634fe629',48.0000,'BTL',1.0000,48.0000,''),(888,'cb923dd0-72fe-4c96-864c-bb70791a0e5e','54da7151-c4a7-481b-b6f9-c65bd15a5c7c',10.0000,'PCS',1.0000,10.0000,''),(889,'cb923dd0-72fe-4c96-864c-bb70791a0e5e','5e8f7d1c-9c24-42cb-ab29-eb70ecad67d2',1.0000,'KLG',1.0000,1.0000,''),(890,'cb923dd0-72fe-4c96-864c-bb70791a0e5e','a524d43c-93b7-481a-9f5b-f83348975f0f',15.0000,'PAC',1.0000,15.0000,''),(891,'cb923dd0-72fe-4c96-864c-bb70791a0e5e','8b27f47b-655f-48e9-a0c0-bc899ab56f8e',60.0000,'PAC',1.0000,60.0000,''),(918,'7960230d-8aed-40ec-8770-472de9ae8ba9','cd9e8115-ba0e-4837-8d7d-bf4f21c94c2a',21.0000,'PCS',1.0000,21.0000,''),(919,'7960230d-8aed-40ec-8770-472de9ae8ba9','9932e5de-5e8d-43b4-826d-9bcdf2d6e8b7',21.0000,'PCS',1.0000,21.0000,''),(920,'7960230d-8aed-40ec-8770-472de9ae8ba9','c5a85693-ccec-430a-b106-f34170d94b52',1.0000,'KG',1.0000,1.0000,''),(921,'7960230d-8aed-40ec-8770-472de9ae8ba9','8cc8e3af-dc74-4af4-ae4d-6b226502ebe1',5.0000,'PRS',1.0000,5.0000,''),(922,'7960230d-8aed-40ec-8770-472de9ae8ba9','30631d57-df5d-46b6-a2d2-6afbacb113ed',30.0000,'PCS',1.0000,30.0000,''),(923,'7960230d-8aed-40ec-8770-472de9ae8ba9','116c5453-2821-4c6d-8ee0-d9660e60cfb6',25.0000,'KG',1.0000,25.0000,''),(924,'7960230d-8aed-40ec-8770-472de9ae8ba9','7bea32a3-04f4-44e0-9e82-d2d0f17dfc0b',33.0000,'PRS',1.0000,33.0000,''),(925,'7960230d-8aed-40ec-8770-472de9ae8ba9','e73b7e2c-b77f-4ae6-9e15-f6a9c87687a5',4.0000,'PAC',1.0000,4.0000,''),(926,'7960230d-8aed-40ec-8770-472de9ae8ba9','f527d9c4-8fbc-4d4b-b167-53325792e11f',20.0000,'PCS',1.0000,20.0000,''),(927,'7960230d-8aed-40ec-8770-472de9ae8ba9','efcf339d-7048-4107-971c-d3e3a73eda5e',1.0000,'KG',1.0000,1.0000,''),(928,'7960230d-8aed-40ec-8770-472de9ae8ba9','5bc82d8d-8968-4fd4-8080-a90cd3736887',1.0000,'KG',1.0000,1.0000,''),(929,'7960230d-8aed-40ec-8770-472de9ae8ba9','7d354e1a-25ad-4859-966a-af9b39715a11',4.0000,'KG',1.0000,4.0000,''),(930,'7960230d-8aed-40ec-8770-472de9ae8ba9','b14b58b1-0085-4fb6-bd56-4ef7ef21e9b4',3.5000,'KG',1.0000,3.5000,''),(931,'7960230d-8aed-40ec-8770-472de9ae8ba9','0b89fa82-8572-473f-965b-689ed8e8abd1',3.5000,'KG',1.0000,3.5000,''),(932,'7960230d-8aed-40ec-8770-472de9ae8ba9','35f40b80-2669-4f8c-ab14-31faad685fb6',1.0000,'BTL',1.0000,1.0000,''),(933,'7960230d-8aed-40ec-8770-472de9ae8ba9','09e2024b-afc9-4023-b043-896bb385770c',15.0000,'PRS',1.0000,15.0000,''),(934,'7960230d-8aed-40ec-8770-472de9ae8ba9','e89cfbad-9429-4933-b0e4-9f2c5b96db0b',4.0000,'BTL',1.0000,4.0000,''),(935,'7960230d-8aed-40ec-8770-472de9ae8ba9','9c65aed9-b08e-4f8d-b0df-06d431d51ed2',10.0000,'KG',1.0000,10.0000,''),(936,'7960230d-8aed-40ec-8770-472de9ae8ba9','e2968e29-a29f-4ae1-9235-c6e19782a698',80.0000,'PRS',1.0000,80.0000,''),(937,'7960230d-8aed-40ec-8770-472de9ae8ba9','3ace1135-637d-4b47-b9d5-aa206e63b62f',80.0000,'PRS',1.0000,80.0000,''),(938,'7960230d-8aed-40ec-8770-472de9ae8ba9','a5d09ab8-cb81-49ab-b544-4f051a45d386',2.0000,'DUS',1.0000,2.0000,''),(939,'7960230d-8aed-40ec-8770-472de9ae8ba9','b4e4e98f-baec-4804-8fea-57f35235f9b6',55.0000,'PRS',1.0000,55.0000,''),(940,'7960230d-8aed-40ec-8770-472de9ae8ba9','8dbb3c4d-ebd3-4418-8be4-bfad365c859c',4.0000,'KG',1.0000,4.0000,''),(941,'7960230d-8aed-40ec-8770-472de9ae8ba9','898323c9-9347-4381-a083-e081853e78ff',1.0000,'KG',1.0000,1.0000,''),(942,'7960230d-8aed-40ec-8770-472de9ae8ba9','0107a91e-10c1-4a5f-8f6d-569d73c286bb',30.0000,'PRS',1.0000,30.0000,''),(943,'7960230d-8aed-40ec-8770-472de9ae8ba9','32c0d61c-9c7d-48e6-9a3c-e1eed210c66a',1.0000,'DRG',1.0000,1.0000,''),(951,'c72a3fff-0461-4b1b-8399-5b103b6853c6','06f71892-bb6a-488d-89ed-da7e634fe629',24.0000,'BTL',1.0000,24.0000,''),(952,'c72a3fff-0461-4b1b-8399-5b103b6853c6','c4002549-b88d-4153-9b7d-808396215249',30.0000,'SCT',1.0000,30.0000,''),(953,'c72a3fff-0461-4b1b-8399-5b103b6853c6','9c5a0c4a-de0b-4b48-bde9-cf276f53d2a5',50.0000,'PCS',1.0000,50.0000,''),(954,'c72a3fff-0461-4b1b-8399-5b103b6853c6','5e8f7d1c-9c24-42cb-ab29-eb70ecad67d2',1.0000,'KLG',1.0000,1.0000,''),(955,'8d6aec2f-2b88-495a-91a4-fa157b9bc854','54da7151-c4a7-481b-b6f9-c65bd15a5c7c',14.0000,'PCS',1.0000,14.0000,''),(956,'8d6aec2f-2b88-495a-91a4-fa157b9bc854','fbc9d662-f549-4abd-bb01-4fb749e7d344',6.0000,'KG',1.0000,6.0000,''),(965,'e824142f-2d20-4924-94b1-58915f70554a','fbc9d662-f549-4abd-bb01-4fb749e7d344',6.0000,'KG',1.0000,6.0000,''),(966,'e824142f-2d20-4924-94b1-58915f70554a','54da7151-c4a7-481b-b6f9-c65bd15a5c7c',50.0000,'PCS',1.0000,50.0000,''),(967,'e824142f-2d20-4924-94b1-58915f70554a','6f26ec4a-64c7-4916-8c63-47bd21e90857',10.0000,'PCS',1.0000,10.0000,''),(968,'e824142f-2d20-4924-94b1-58915f70554a','cb833e75-27e1-4e01-ad37-75243830eba7',8.0000,'KG',1.0000,8.0000,''),(969,'e824142f-2d20-4924-94b1-58915f70554a','c948efee-9989-4fc6-9f89-8a30a89bfd21',7.0000,'KLG',1.0000,7.0000,''),(970,'e824142f-2d20-4924-94b1-58915f70554a','258e0b99-2b60-4eed-aa4d-90a1d192fb52',14.0000,'KLG',1.0000,14.0000,''),(971,'e824142f-2d20-4924-94b1-58915f70554a','a524d43c-93b7-481a-9f5b-f83348975f0f',30.0000,'PAC',1.0000,30.0000,''),(972,'e824142f-2d20-4924-94b1-58915f70554a','c4002549-b88d-4153-9b7d-808396215249',60.0000,'SCT',1.0000,60.0000,''),(973,'1bd0d095-8b3e-4469-8933-b9145d6df630','cd39e497-fe46-4f18-b145-04b75d81f890',30.0000,'PCS',1.0000,30.0000,''),(974,'1bd0d095-8b3e-4469-8933-b9145d6df630','9763f01f-6cc0-4b52-9cf7-7a0af764977f',42.0000,'PCS',1.0000,42.0000,''),(975,'1bd0d095-8b3e-4469-8933-b9145d6df630','3a719ab6-2120-4de0-9f7e-d858f90c2507',42.0000,'PCS',1.0000,42.0000,''),(976,'1bd0d095-8b3e-4469-8933-b9145d6df630','d0d1fcd4-0e8f-4d4c-a402-8dc3cff2b278',21.0000,'PCS',1.0000,21.0000,''),(977,'1bd0d095-8b3e-4469-8933-b9145d6df630','9def77da-aa55-4cb3-82f4-522ad7715927',30.0000,'PRS',1.0000,30.0000,''),(978,'1bd0d095-8b3e-4469-8933-b9145d6df630','0107a91e-10c1-4a5f-8f6d-569d73c286bb',30.0000,'PRS',1.0000,30.0000,''),(979,'1bd0d095-8b3e-4469-8933-b9145d6df630','b6749a2c-b887-4632-a66b-c87fc077f4d1',30.0000,'PRS',1.0000,30.0000,''),(980,'1bd0d095-8b3e-4469-8933-b9145d6df630','232633bf-0beb-42aa-939d-56e0b27f1387',30.0000,'PRS',1.0000,30.0000,''),(981,'1bd0d095-8b3e-4469-8933-b9145d6df630','2d447cdd-e193-413b-9dba-74c90b8fa852',7.0000,'PRS',1.0000,7.0000,''),(982,'1bd0d095-8b3e-4469-8933-b9145d6df630','5f51580c-9017-4127-a8e7-87f886a62c0f',12.0000,'PRS',1.0000,12.0000,''),(983,'1bd0d095-8b3e-4469-8933-b9145d6df630','7d354e1a-25ad-4859-966a-af9b39715a11',1.0000,'KG',1.0000,1.0000,''),(984,'1bd0d095-8b3e-4469-8933-b9145d6df630','116c5453-2821-4c6d-8ee0-d9660e60cfb6',25.0000,'KG',1.0000,25.0000,''),(985,'1bd0d095-8b3e-4469-8933-b9145d6df630','8dbb3c4d-ebd3-4418-8be4-bfad365c859c',4.0000,'KG',1.0000,4.0000,''),(986,'1bd0d095-8b3e-4469-8933-b9145d6df630','ae2418be-15cc-4643-b74a-5fa46f908a87',3.0000,'SET',1.0000,3.0000,''),(987,'1bd0d095-8b3e-4469-8933-b9145d6df630','3e5baf4c-91bc-4542-87b1-62bc4cd2d1c5',0.1000,'PAC',1.0000,0.1000,''),(988,'6a02815a-0fc0-4fd5-9586-efd053bdd888','09e2024b-afc9-4023-b043-896bb385770c',30.0000,'PRS',1.0000,30.0000,''),(989,'6a02815a-0fc0-4fd5-9586-efd053bdd888','232633bf-0beb-42aa-939d-56e0b27f1387',30.0000,'PRS',1.0000,30.0000,''),(990,'6a02815a-0fc0-4fd5-9586-efd053bdd888','0107a91e-10c1-4a5f-8f6d-569d73c286bb',45.0000,'PRS',1.0000,45.0000,''),(991,'6a02815a-0fc0-4fd5-9586-efd053bdd888','b6749a2c-b887-4632-a66b-c87fc077f4d1',30.0000,'PRS',1.0000,30.0000,''),(992,'6a02815a-0fc0-4fd5-9586-efd053bdd888','3ace1135-637d-4b47-b9d5-aa206e63b62f',80.0000,'PRS',1.0000,80.0000,''),(993,'6a02815a-0fc0-4fd5-9586-efd053bdd888','e2968e29-a29f-4ae1-9235-c6e19782a698',100.0000,'PRS',1.0000,100.0000,''),(994,'6a02815a-0fc0-4fd5-9586-efd053bdd888','3a7fab10-5677-4c12-9fa4-713fe2deb847',15.0000,'PRS',1.0000,15.0000,''),(995,'6a02815a-0fc0-4fd5-9586-efd053bdd888','902e8f4f-ddfc-46e3-bdd5-5062de73a1d2',15.0000,'PRS',1.0000,15.0000,''),(996,'6a02815a-0fc0-4fd5-9586-efd053bdd888','acbd7a61-6e0c-46b1-b17f-d02a2d796d4d',50.0000,'PRS',1.0000,50.0000,''),(997,'6a02815a-0fc0-4fd5-9586-efd053bdd888','006b663f-414d-4c13-85ba-23f28f0d5b71',10.0000,'PRS',1.0000,10.0000,''),(998,'6a02815a-0fc0-4fd5-9586-efd053bdd888','5bc82d8d-8968-4fd4-8080-a90cd3736887',5.0000,'KG',1.0000,5.0000,''),(999,'6a02815a-0fc0-4fd5-9586-efd053bdd888','629e8f8f-8f46-4a3b-955c-5de2ae98195b',5.0000,'KG',1.0000,5.0000,''),(1000,'6a02815a-0fc0-4fd5-9586-efd053bdd888','a134c1ee-11aa-402e-905d-3f00bb3dcd3b',5.0000,'KG',1.0000,5.0000,''),(1001,'6a02815a-0fc0-4fd5-9586-efd053bdd888','8cc8e3af-dc74-4af4-ae4d-6b226502ebe1',5.0000,'PRS',1.0000,5.0000,''),(1002,'6a02815a-0fc0-4fd5-9586-efd053bdd888','9763f01f-6cc0-4b52-9cf7-7a0af764977f',42.0000,'PCS',1.0000,42.0000,''),(1003,'6a02815a-0fc0-4fd5-9586-efd053bdd888','9779bf0b-93bd-4bf8-ad21-c33cabc30253',13.0000,'PRS',1.0000,13.0000,''),(1004,'6a02815a-0fc0-4fd5-9586-efd053bdd888','7242aab2-7213-4f1e-8212-d8a6647bf6a9',4.0000,'KG',1.0000,4.0000,''),(1005,'6a02815a-0fc0-4fd5-9586-efd053bdd888','a1e911c1-7158-4dfc-af1f-9ee14bed511b',3.0000,'KG',1.0000,3.0000,''),(1006,'6a02815a-0fc0-4fd5-9586-efd053bdd888','81f5381d-c44a-4180-a668-147ce26c6bba',30.0000,'PCS',1.0000,30.0000,''),(1007,'7ded52dc-4147-4269-97b6-dbad384276ed','06f71892-bb6a-488d-89ed-da7e634fe629',24.0000,'BTL',1.0000,24.0000,''),(1008,'c78fb47f-ed67-45f3-a9b5-041ecdb1c222','310c04f3-d9f2-4467-a5d3-b549b8901f60',12.0000,'BTL',1.0000,12.0000,''),(1009,'c78fb47f-ed67-45f3-a9b5-041ecdb1c222','6f26ec4a-64c7-4916-8c63-47bd21e90857',10.0000,'PCS',1.0000,10.0000,''),(1010,'c78fb47f-ed67-45f3-a9b5-041ecdb1c222','54da7151-c4a7-481b-b6f9-c65bd15a5c7c',20.0000,'PCS',1.0000,20.0000,''),(1011,'c78fb47f-ed67-45f3-a9b5-041ecdb1c222','c948efee-9989-4fc6-9f89-8a30a89bfd21',2.0000,'KLG',1.0000,2.0000,''),(1012,'c78fb47f-ed67-45f3-a9b5-041ecdb1c222','9c5a0c4a-de0b-4b48-bde9-cf276f53d2a5',50.0000,'PCS',1.0000,50.0000,''),(1013,'073ef8fc-17c0-4ae3-9dfa-728159de4ee3','22090c01-d57a-4aa1-9b0a-0340ba3effe3',1.0000,'PAC',1.0000,1.0000,''),(1014,'073ef8fc-17c0-4ae3-9dfa-728159de4ee3','06f71892-bb6a-488d-89ed-da7e634fe629',24.0000,'BTL',1.0000,24.0000,''),(1015,'586593e4-b7ea-4cf6-98f2-16af28099a91','6483295f-35d3-4ff9-bb28-3d7b322b8844',3.0000,'KG',1.0000,3.0000,''),(1016,'586593e4-b7ea-4cf6-98f2-16af28099a91','e2968e29-a29f-4ae1-9235-c6e19782a698',100.0000,'PRS',1.0000,100.0000,''),(1017,'586593e4-b7ea-4cf6-98f2-16af28099a91','8dbb3c4d-ebd3-4418-8be4-bfad365c859c',4.0000,'KG',1.0000,4.0000,''),(1018,'586593e4-b7ea-4cf6-98f2-16af28099a91','e73b7e2c-b77f-4ae6-9e15-f6a9c87687a5',2.0000,'PAC',1.0000,2.0000,''),(1019,'648fd9fd-59ab-4934-be64-0afd86758624','9763f01f-6cc0-4b52-9cf7-7a0af764977f',105.0000,'PCS',1.0000,105.0000,''),(1020,'648fd9fd-59ab-4934-be64-0afd86758624','76a220dd-a721-4c00-89fe-1cc6cb6bdd23',21.0000,'PCS',1.0000,21.0000,''),(1021,'648fd9fd-59ab-4934-be64-0afd86758624','3a719ab6-2120-4de0-9f7e-d858f90c2507',42.0000,'PCS',1.0000,42.0000,''),(1022,'648fd9fd-59ab-4934-be64-0afd86758624','cd9e8115-ba0e-4837-8d7d-bf4f21c94c2a',21.0000,'PCS',1.0000,21.0000,''),(1023,'648fd9fd-59ab-4934-be64-0afd86758624','9932e5de-5e8d-43b4-826d-9bcdf2d6e8b7',21.0000,'PCS',1.0000,21.0000,''),(1024,'648fd9fd-59ab-4934-be64-0afd86758624','d0d1fcd4-0e8f-4d4c-a402-8dc3cff2b278',42.0000,'PCS',1.0000,42.0000,''),(1025,'648fd9fd-59ab-4934-be64-0afd86758624','9779bf0b-93bd-4bf8-ad21-c33cabc30253',26.0000,'PRS',1.0000,26.0000,''),(1026,'648fd9fd-59ab-4934-be64-0afd86758624','a222c1fe-792d-4128-a0b6-c50d3e7be9ea',30.0000,'PRS',1.0000,30.0000,''),(1027,'648fd9fd-59ab-4934-be64-0afd86758624','b6749a2c-b887-4632-a66b-c87fc077f4d1',60.0000,'PRS',1.0000,60.0000,''),(1028,'648fd9fd-59ab-4934-be64-0afd86758624','232633bf-0beb-42aa-939d-56e0b27f1387',30.0000,'PRS',1.0000,30.0000,''),(1029,'648fd9fd-59ab-4934-be64-0afd86758624','46403eb2-eeb9-493e-a603-57e6c3c77930',30.0000,'PRS',1.0000,30.0000,''),(1030,'648fd9fd-59ab-4934-be64-0afd86758624','4fc619e6-4cf2-441f-b149-56c1eb0cdd78',30.0000,'PRS',1.0000,30.0000,''),(1031,'648fd9fd-59ab-4934-be64-0afd86758624','48af6e8c-7886-40e6-ac84-ac49e452a9e5',32.0000,'PRS',1.0000,32.0000,''),(1032,'648fd9fd-59ab-4934-be64-0afd86758624','0107a91e-10c1-4a5f-8f6d-569d73c286bb',60.0000,'PRS',1.0000,60.0000,''),(1033,'648fd9fd-59ab-4934-be64-0afd86758624','ee9f8d78-b8a9-4838-80e6-2bcf631324b3',40.0000,'PRS',1.0000,40.0000,''),(1034,'648fd9fd-59ab-4934-be64-0afd86758624','9def77da-aa55-4cb3-82f4-522ad7715927',30.0000,'PRS',1.0000,30.0000,''),(1035,'648fd9fd-59ab-4934-be64-0afd86758624','9f8dffb7-0dc3-4234-919c-d4aeb4dd78ba',1.0000,'KG',1.0000,1.0000,''),(1036,'648fd9fd-59ab-4934-be64-0afd86758624','7242aab2-7213-4f1e-8212-d8a6647bf6a9',4.0000,'KG',1.0000,4.0000,''),(1037,'648fd9fd-59ab-4934-be64-0afd86758624','cd39e497-fe46-4f18-b145-04b75d81f890',30.0000,'PCS',1.0000,30.0000,''),(1038,'648fd9fd-59ab-4934-be64-0afd86758624','acbd7a61-6e0c-46b1-b17f-d02a2d796d4d',60.0000,'PRS',1.0000,60.0000,''),(1039,'648fd9fd-59ab-4934-be64-0afd86758624','7d354e1a-25ad-4859-966a-af9b39715a11',1.0000,'KG',1.0000,1.0000,''),(1040,'648fd9fd-59ab-4934-be64-0afd86758624','5bc82d8d-8968-4fd4-8080-a90cd3736887',10.0000,'KG',1.0000,10.0000,''),(1041,'648fd9fd-59ab-4934-be64-0afd86758624','a134c1ee-11aa-402e-905d-3f00bb3dcd3b',10.0000,'KG',1.0000,10.0000,''),(1042,'648fd9fd-59ab-4934-be64-0afd86758624','629e8f8f-8f46-4a3b-955c-5de2ae98195b',7.0000,'KG',1.0000,7.0000,''),(1043,'648fd9fd-59ab-4934-be64-0afd86758624','a1e911c1-7158-4dfc-af1f-9ee14bed511b',5.0000,'KG',1.0000,5.0000,''),(1044,'648fd9fd-59ab-4934-be64-0afd86758624','2abed24e-28db-41f6-a931-2dfef5794fc8',2.0000,'KG',1.0000,2.0000,''),(1045,'648fd9fd-59ab-4934-be64-0afd86758624','ccffe407-4044-4910-895c-690f8b346a20',1.0000,'KG',1.0000,1.0000,''),(1046,'648fd9fd-59ab-4934-be64-0afd86758624','902e8f4f-ddfc-46e3-bdd5-5062de73a1d2',10.0000,'PRS',1.0000,10.0000,''),(1047,'648fd9fd-59ab-4934-be64-0afd86758624','3a7fab10-5677-4c12-9fa4-713fe2deb847',5.0000,'PRS',1.0000,5.0000,''),(1048,'648fd9fd-59ab-4934-be64-0afd86758624','006b663f-414d-4c13-85ba-23f28f0d5b71',10.0000,'PRS',1.0000,10.0000,''),(1049,'648fd9fd-59ab-4934-be64-0afd86758624','0b89fa82-8572-473f-965b-689ed8e8abd1',2.0000,'KG',1.0000,2.0000,''),(1050,'648fd9fd-59ab-4934-be64-0afd86758624','803b4852-6bd9-41a6-8e0a-3efcce786195',3.0000,'KG',1.0000,3.0000,''),(1051,'648fd9fd-59ab-4934-be64-0afd86758624','b14b58b1-0085-4fb6-bd56-4ef7ef21e9b4',2.0000,'KG',1.0000,2.0000,''),(1052,'648fd9fd-59ab-4934-be64-0afd86758624','3ace1135-637d-4b47-b9d5-aa206e63b62f',100.0000,'PRS',1.0000,100.0000,''),(1053,'648fd9fd-59ab-4934-be64-0afd86758624','e2968e29-a29f-4ae1-9235-c6e19782a698',100.0000,'PRS',1.0000,100.0000,''),(1054,'648fd9fd-59ab-4934-be64-0afd86758624','8cc8e3af-dc74-4af4-ae4d-6b226502ebe1',5.0000,'PRS',1.0000,5.0000,''),(1055,'648fd9fd-59ab-4934-be64-0afd86758624','e73b7e2c-b77f-4ae6-9e15-f6a9c87687a5',2.0000,'PAC',1.0000,2.0000,''),(1056,'648fd9fd-59ab-4934-be64-0afd86758624','cd2ca38a-a947-4f3a-8322-c2e4ec7eae5f',50.0000,'PCS',1.0000,50.0000,''),(1057,'648fd9fd-59ab-4934-be64-0afd86758624','35f40b80-2669-4f8c-ab14-31faad685fb6',1.0000,'BTL',1.0000,1.0000,''),(1058,'648fd9fd-59ab-4934-be64-0afd86758624','6483295f-35d3-4ff9-bb28-3d7b322b8844',3.0000,'KG',1.0000,3.0000,''),(1059,'648fd9fd-59ab-4934-be64-0afd86758624','898323c9-9347-4381-a083-e081853e78ff',1.0000,'KG',1.0000,1.0000,''),(1060,'648fd9fd-59ab-4934-be64-0afd86758624','a5d09ab8-cb81-49ab-b544-4f051a45d386',1.0000,'DUS',1.0000,1.0000,''),(1061,'95bf92e6-c490-4b03-a41d-5578161b4d68','efcf339d-7048-4107-971c-d3e3a73eda5e',2.0000,'KG',1.0000,2.0000,''),(1062,'bb48bffb-e74e-422e-bdbb-fd08468f614b','b7023456-3f4b-491a-9a87-c4ef57e2158f',1.0000,'PAC',1.0000,1.0000,''),(1063,'bb48bffb-e74e-422e-bdbb-fd08468f614b','2e3fa010-51a3-467e-bd46-cb5c6e605750',30.0000,'SCT',1.0000,30.0000,''),(1064,'bb48bffb-e74e-422e-bdbb-fd08468f614b','06f71892-bb6a-488d-89ed-da7e634fe629',24.0000,'BTL',1.0000,24.0000,''),(1065,'bb48bffb-e74e-422e-bdbb-fd08468f614b','f1a5852c-7ef1-4c26-89b4-015abf46c1c4',24.0000,'BTL',1.0000,24.0000,''),(1066,'bb48bffb-e74e-422e-bdbb-fd08468f614b','c850b46c-c225-4ccc-9bb2-cabf0869efd6',20.0000,'BTL',1.0000,20.0000,''),(1067,'bb48bffb-e74e-422e-bdbb-fd08468f614b','6f26ec4a-64c7-4916-8c63-47bd21e90857',20.0000,'PCS',1.0000,20.0000,''),(1068,'bb48bffb-e74e-422e-bdbb-fd08468f614b','310c04f3-d9f2-4467-a5d3-b549b8901f60',12.0000,'BTL',1.0000,12.0000,''),(1069,'bb48bffb-e74e-422e-bdbb-fd08468f614b','32c0d61c-9c7d-48e6-9a3c-e1eed210c66a',1.0000,'DRG',1.0000,1.0000,''),(1070,'5a0e2ebe-5cfc-4766-9f23-9a996a996b36','c948efee-9989-4fc6-9f89-8a30a89bfd21',4.0000,'KLG',1.0000,4.0000,''),(1071,'5a0e2ebe-5cfc-4766-9f23-9a996a996b36','fbc9d662-f549-4abd-bb01-4fb749e7d344',3.0000,'KG',1.0000,3.0000,''),(1072,'5a0e2ebe-5cfc-4766-9f23-9a996a996b36','cb833e75-27e1-4e01-ad37-75243830eba7',8.0000,'KG',1.0000,8.0000,''),(1073,'5a0e2ebe-5cfc-4766-9f23-9a996a996b36','7f1d5a40-9191-4922-9885-3fb1d51e4e99',4.0000,'KG',1.0000,4.0000,''),(1074,'5a0e2ebe-5cfc-4766-9f23-9a996a996b36','d82ceff6-f6f7-4de0-bc94-34b485d58f93',24.0000,'DUS',1.0000,24.0000,''),(1075,'5a0e2ebe-5cfc-4766-9f23-9a996a996b36','5e8f7d1c-9c24-42cb-ab29-eb70ecad67d2',1.0000,'KLG',1.0000,1.0000,''),(1076,'5a0e2ebe-5cfc-4766-9f23-9a996a996b36','9c5a0c4a-de0b-4b48-bde9-cf276f53d2a5',50.0000,'PCS',1.0000,50.0000,''),(1077,'5a0e2ebe-5cfc-4766-9f23-9a996a996b36','5d5342d5-5e5a-4ecb-b33c-7497dc3baaee',6.0000,'PCS',1.0000,6.0000,''),(1078,'60857ced-e873-4e18-b8ce-ecdd8e7fa1ba','06f71892-bb6a-488d-89ed-da7e634fe629',24.0000,'BTL',1.0000,24.0000,''),(1079,'60857ced-e873-4e18-b8ce-ecdd8e7fa1ba','2e3fa010-51a3-467e-bd46-cb5c6e605750',30.0000,'SCT',1.0000,30.0000,''),(1080,'4e958e5a-5810-4ae9-b130-1a64a2bd882d','9763f01f-6cc0-4b52-9cf7-7a0af764977f',42.0000,'PCS',1.0000,42.0000,''),(1081,'4e958e5a-5810-4ae9-b130-1a64a2bd882d','b6749a2c-b887-4632-a66b-c87fc077f4d1',30.0000,'PRS',1.0000,30.0000,''),(1082,'4e958e5a-5810-4ae9-b130-1a64a2bd882d','46403eb2-eeb9-493e-a603-57e6c3c77930',30.0000,'PRS',1.0000,30.0000,''),(1083,'4e958e5a-5810-4ae9-b130-1a64a2bd882d','232633bf-0beb-42aa-939d-56e0b27f1387',30.0000,'PRS',1.0000,30.0000,''),(1084,'4e958e5a-5810-4ae9-b130-1a64a2bd882d','838d220a-0497-49cc-8f59-0c211e9876f2',15.0000,'PRS',1.0000,15.0000,''),(1085,'4e958e5a-5810-4ae9-b130-1a64a2bd882d','74d6e443-5c90-4b19-b234-af5073fd1495',5.0000,'PRS',1.0000,5.0000,''),(1086,'4e958e5a-5810-4ae9-b130-1a64a2bd882d','5f51580c-9017-4127-a8e7-87f886a62c0f',12.0000,'PRS',1.0000,12.0000,''),(1087,'4e958e5a-5810-4ae9-b130-1a64a2bd882d','0107a91e-10c1-4a5f-8f6d-569d73c286bb',45.0000,'PRS',1.0000,45.0000,''),(1088,'4e958e5a-5810-4ae9-b130-1a64a2bd882d','ee9f8d78-b8a9-4838-80e6-2bcf631324b3',60.0000,'PRS',1.0000,60.0000,''),(1089,'4e958e5a-5810-4ae9-b130-1a64a2bd882d','e2968e29-a29f-4ae1-9235-c6e19782a698',100.0000,'PRS',1.0000,100.0000,''),(1090,'4e958e5a-5810-4ae9-b130-1a64a2bd882d','902e8f4f-ddfc-46e3-bdd5-5062de73a1d2',10.0000,'PRS',1.0000,10.0000,''),(1091,'4e958e5a-5810-4ae9-b130-1a64a2bd882d','5bc82d8d-8968-4fd4-8080-a90cd3736887',5.0000,'KG',1.0000,5.0000,''),(1092,'4e958e5a-5810-4ae9-b130-1a64a2bd882d','a134c1ee-11aa-402e-905d-3f00bb3dcd3b',5.0000,'KG',1.0000,5.0000,''),(1093,'4e958e5a-5810-4ae9-b130-1a64a2bd882d','a1e911c1-7158-4dfc-af1f-9ee14bed511b',5.0000,'KG',1.0000,5.0000,''),(1094,'4e958e5a-5810-4ae9-b130-1a64a2bd882d','ccffe407-4044-4910-895c-690f8b346a20',3.0000,'KG',1.0000,3.0000,''),(1095,'4e958e5a-5810-4ae9-b130-1a64a2bd882d','acbd7a61-6e0c-46b1-b17f-d02a2d796d4d',60.0000,'PRS',1.0000,60.0000,''),(1096,'4e958e5a-5810-4ae9-b130-1a64a2bd882d','7242aab2-7213-4f1e-8212-d8a6647bf6a9',4.0000,'KG',1.0000,4.0000,''),(1097,'4e958e5a-5810-4ae9-b130-1a64a2bd882d','8dbb3c4d-ebd3-4418-8be4-bfad365c859c',4.0000,'KG',1.0000,4.0000,''),(1098,'e939b174-4896-411b-b032-96197ae750d0','f0527c87-1496-4d20-b96c-71facd0d5816',2.4300,'KG',1.0000,2.4300,''),(1099,'e939b174-4896-411b-b032-96197ae750d0','6483295f-35d3-4ff9-bb28-3d7b322b8844',3.0000,'KG',1.0000,3.0000,''),(1100,'e939b174-4896-411b-b032-96197ae750d0','9763f01f-6cc0-4b52-9cf7-7a0af764977f',42.0000,'PCS',1.0000,42.0000,''),(1101,'e939b174-4896-411b-b032-96197ae750d0','3a719ab6-2120-4de0-9f7e-d858f90c2507',42.0000,'PCS',1.0000,42.0000,''),(1102,'e939b174-4896-411b-b032-96197ae750d0','3a7fab10-5677-4c12-9fa4-713fe2deb847',15.0000,'PRS',1.0000,15.0000,''),(1103,'e939b174-4896-411b-b032-96197ae750d0','006b663f-414d-4c13-85ba-23f28f0d5b71',15.0000,'PRS',1.0000,15.0000,''),(1104,'e939b174-4896-411b-b032-96197ae750d0','8cc8e3af-dc74-4af4-ae4d-6b226502ebe1',5.0000,'PRS',1.0000,5.0000,''),(1105,'e939b174-4896-411b-b032-96197ae750d0','e73b7e2c-b77f-4ae6-9e15-f6a9c87687a5',2.0000,'PAC',1.0000,2.0000,''),(1106,'e939b174-4896-411b-b032-96197ae750d0','a1c82d7f-54ed-4d41-9f88-5ae07379000e',2.0000,'PAC',1.0000,2.0000,''),(1107,'e939b174-4896-411b-b032-96197ae750d0','48af6e8c-7886-40e6-ac84-ac49e452a9e5',16.0000,'PRS',1.0000,16.0000,''),(1108,'23c856d1-8811-4228-a2bc-cf0e65faa604','06f71892-bb6a-488d-89ed-da7e634fe629',24.0000,'BTL',1.0000,24.0000,''),(1109,'23c856d1-8811-4228-a2bc-cf0e65faa604','0c82bbd5-3ca2-4e09-a976-0668a83312b5',12.0000,'BTL',1.0000,12.0000,''),(1110,'23c856d1-8811-4228-a2bc-cf0e65faa604','ed56a11e-eb23-4e57-a007-015e0c0eb34b',20.0000,'PRS',1.0000,20.0000,''),(1111,'23c856d1-8811-4228-a2bc-cf0e65faa604','c948efee-9989-4fc6-9f89-8a30a89bfd21',2.0000,'KLG',1.0000,2.0000,''),(1112,'23c856d1-8811-4228-a2bc-cf0e65faa604','54da7151-c4a7-481b-b6f9-c65bd15a5c7c',70.0000,'PCS',1.0000,70.0000,''),(1113,'23c856d1-8811-4228-a2bc-cf0e65faa604','cb833e75-27e1-4e01-ad37-75243830eba7',4.0000,'KG',1.0000,4.0000,''),(1114,'23c856d1-8811-4228-a2bc-cf0e65faa604','c9a810de-81b7-4f33-b6e6-0773156afddd',3.0000,'KG',1.0000,3.0000,''),(1115,'23c856d1-8811-4228-a2bc-cf0e65faa604','32c0d61c-9c7d-48e6-9a3c-e1eed210c66a',1.0000,'DRG',1.0000,1.0000,''),(1116,'5c62a778-1851-40c8-826d-bf77fcbafac4','06f71892-bb6a-488d-89ed-da7e634fe629',24.0000,'BTL',1.0000,24.0000,''),(1117,'5c62a778-1851-40c8-826d-bf77fcbafac4','ef3afd92-42a7-4181-aa3b-2b1425083164',5.0000,'BTL',1.0000,5.0000,''),(1118,'5c62a778-1851-40c8-826d-bf77fcbafac4','a524d43c-93b7-481a-9f5b-f83348975f0f',15.0000,'PAC',1.0000,15.0000,''),(1119,'b2e632b3-3755-4a3c-b48a-0dd0168a1a4c','ef3afd92-42a7-4181-aa3b-2b1425083164',8.0000,'BTL',1.0000,8.0000,''),(1120,'950d720a-0b82-456a-9ba8-69dd81c41a4c','9763f01f-6cc0-4b52-9cf7-7a0af764977f',21.0000,'PCS',1.0000,21.0000,''),(1121,'950d720a-0b82-456a-9ba8-69dd81c41a4c','3a719ab6-2120-4de0-9f7e-d858f90c2507',42.0000,'PCS',1.0000,42.0000,''),(1122,'950d720a-0b82-456a-9ba8-69dd81c41a4c','ccffe407-4044-4910-895c-690f8b346a20',3.0000,'KG',1.0000,3.0000,''),(1123,'950d720a-0b82-456a-9ba8-69dd81c41a4c','a1e911c1-7158-4dfc-af1f-9ee14bed511b',3.0000,'KG',1.0000,3.0000,''),(1124,'950d720a-0b82-456a-9ba8-69dd81c41a4c','5bc82d8d-8968-4fd4-8080-a90cd3736887',3.0000,'KG',1.0000,3.0000,''),(1125,'950d720a-0b82-456a-9ba8-69dd81c41a4c','629e8f8f-8f46-4a3b-955c-5de2ae98195b',5.0000,'KG',1.0000,5.0000,''),(1126,'950d720a-0b82-456a-9ba8-69dd81c41a4c','803b4852-6bd9-41a6-8e0a-3efcce786195',1.0000,'KG',1.0000,1.0000,''),(1127,'950d720a-0b82-456a-9ba8-69dd81c41a4c','8cc8e3af-dc74-4af4-ae4d-6b226502ebe1',5.0000,'PRS',1.0000,5.0000,''),(1128,'950d720a-0b82-456a-9ba8-69dd81c41a4c','6483295f-35d3-4ff9-bb28-3d7b322b8844',5.0000,'KG',1.0000,5.0000,''),(1129,'950d720a-0b82-456a-9ba8-69dd81c41a4c','a5d09ab8-cb81-49ab-b544-4f051a45d386',1.0000,'DUS',1.0000,1.0000,''),(1130,'950d720a-0b82-456a-9ba8-69dd81c41a4c','f39b7dac-dd61-4d8f-8a18-5e2d6348e23c',12.0000,'KG',1.0000,12.0000,''),(1131,'d32306dd-a253-4941-ad8e-6220d1531ed8','9c5a0c4a-de0b-4b48-bde9-cf276f53d2a5',50.0000,'PCS',1.0000,50.0000,''),(1132,'d32306dd-a253-4941-ad8e-6220d1531ed8','158230c2-e34a-4d5e-a336-2ccccd583400',4.0000,'KG',1.0000,4.0000,''),(1133,'d32306dd-a253-4941-ad8e-6220d1531ed8','fbc9d662-f549-4abd-bb01-4fb749e7d344',3.0000,'KG',1.0000,3.0000,''),(1134,'d32306dd-a253-4941-ad8e-6220d1531ed8','7f1d5a40-9191-4922-9885-3fb1d51e4e99',4.0000,'KG',1.0000,4.0000,''),(1135,'9f1c0a31-09c8-4b1e-a0ab-4404c3fc8267','06f71892-bb6a-488d-89ed-da7e634fe629',24.0000,'BTL',1.0000,24.0000,''),(1136,'9f1c0a31-09c8-4b1e-a0ab-4404c3fc8267','c948efee-9989-4fc6-9f89-8a30a89bfd21',2.0000,'KLG',1.0000,2.0000,''),(1137,'9f1c0a31-09c8-4b1e-a0ab-4404c3fc8267','2e3fa010-51a3-467e-bd46-cb5c6e605750',30.0000,'SCT',1.0000,30.0000,''),(1138,'9f1c0a31-09c8-4b1e-a0ab-4404c3fc8267','b7023456-3f4b-491a-9a87-c4ef57e2158f',1.0000,'PAC',1.0000,1.0000,'');
/*!40000 ALTER TABLE `transaction_items` ENABLE KEYS */;
UNLOCK TABLES;

--
-- Table structure for table `transaction_photos`
--

DROP TABLE IF EXISTS `transaction_photos`;
/*!40101 SET @saved_cs_client     = @@character_set_client */;
/*!50503 SET character_set_client = utf8mb4 */;
CREATE TABLE `transaction_photos` (
  `id` char(36) NOT NULL,
  `transaction_id` char(36) NOT NULL,
  `photo` longtext NOT NULL,
  `created_at` timestamp NULL DEFAULT CURRENT_TIMESTAMP,
  PRIMARY KEY (`id`),
  KEY `transaction_id` (`transaction_id`),
  CONSTRAINT `transaction_photos_ibfk_1` FOREIGN KEY (`transaction_id`) REFERENCES `transactions` (`id`) ON DELETE CASCADE
) ENGINE=InnoDB DEFAULT CHARSET=utf8mb4 COLLATE=utf8mb4_0900_ai_ci;
/*!40101 SET character_set_client = @saved_cs_client */;

--
-- Dumping data for table `transaction_photos`
--

LOCK TABLES `transaction_photos` WRITE;
/*!40000 ALTER TABLE `transaction_photos` DISABLE KEYS */;
/*!40000 ALTER TABLE `transaction_photos` ENABLE KEYS */;
UNLOCK TABLES;

--
-- Table structure for table `transactions`
--

DROP TABLE IF EXISTS `transactions`;
/*!40101 SET @saved_cs_client     = @@character_set_client */;
/*!50503 SET character_set_client = utf8mb4 */;
CREATE TABLE `transactions` (
  `id` char(36) NOT NULL,
  `reference_no` varchar(50) NOT NULL,
  `type` enum('IN','OUT','TRANSFER','ADJUSTMENT') NOT NULL,
  `date` date NOT NULL,
  `source_warehouse_id` char(36) NOT NULL,
  `target_warehouse_id` char(36) DEFAULT NULL,
  `partner_id` char(36) DEFAULT NULL,
  `delivery_order_no` varchar(50) DEFAULT NULL,
  `notes` text,
  `updated_by` varchar(100) DEFAULT NULL,
  `updated_at` datetime DEFAULT NULL,
  `created_by` char(36) DEFAULT NULL,
  `created_at` timestamp NULL DEFAULT CURRENT_TIMESTAMP,
  PRIMARY KEY (`id`),
  UNIQUE KEY `reference_no` (`reference_no`),
  KEY `source_warehouse_id` (`source_warehouse_id`),
  CONSTRAINT `transactions_ibfk_1` FOREIGN KEY (`source_warehouse_id`) REFERENCES `warehouses` (`id`)
) ENGINE=InnoDB DEFAULT CHARSET=utf8mb4 COLLATE=utf8mb4_0900_ai_ci;
/*!40101 SET character_set_client = @saved_cs_client */;

--
-- Dumping data for table `transactions`
--

LOCK TABLES `transactions` WRITE;
/*!40000 ALTER TABLE `transactions` DISABLE KEYS */;
INSERT INTO `transactions` VALUES ('00c707f5-8c69-420c-8b9b-f8a15e3480de','DO.202604.892270','OUT','2026-04-27','56267bb0-0d8c-449b-866e-c0a5f5048392',NULL,'895241ce-6388-4c18-b5cb-7d6b43cdab26',NULL,'MUTASI','00000000-0000-0000-0000-000000000000',NULL,'00000000-0000-0000-0000-000000000000','2026-04-27 13:02:12'),('00f69d10-7bbd-492b-b8a4-bddc31ee0d93','DO.202604.671185','OUT','2026-04-30','56267bb0-0d8c-449b-866e-c0a5f5048392',NULL,'895241ce-6388-4c18-b5cb-7d6b43cdab26',NULL,NULL,NULL,NULL,'00000000-0000-0000-0000-000000000000','2026-04-30 15:58:47'),('04efb93f-6e31-416e-b5b6-c8577c1de712','DO.202604.540256','OUT','2026-04-26','56267bb0-0d8c-449b-866e-c0a5f5048392',NULL,'273b250c-fbfa-47b9-a79b-f9beade93746',NULL,'SHIFT 1 SAHRUL','00000000-0000-0000-0000-000000000000',NULL,'00000000-0000-0000-0000-000000000000','2026-04-26 12:12:56'),('070856db-d6d9-417e-8cbd-b9292876bd18','DO.202604.799417','OUT','2026-04-25','56267bb0-0d8c-449b-866e-c0a5f5048392',NULL,'895241ce-6388-4c18-b5cb-7d6b43cdab26',NULL,NULL,NULL,NULL,'00000000-0000-0000-0000-000000000000','2026-04-26 07:01:11'),('073ef8fc-17c0-4ae3-9dfa-728159de4ee3','DO.202605.879636','OUT','2026-05-01','56267bb0-0d8c-449b-866e-c0a5f5048392',NULL,'273b250c-fbfa-47b9-a79b-f9beade93746',NULL,'SHIFT 3 SAHRUL',NULL,NULL,'00000000-0000-0000-0000-000000000000','2026-05-02 03:18:54'),('0f82b74f-5060-4aac-917f-8b3343859b1c','DO.202604.159195','OUT','2026-04-27','56267bb0-0d8c-449b-866e-c0a5f5048392',NULL,'273b250c-fbfa-47b9-a79b-f9beade93746',NULL,'SHIFT 2 SAHRUL',NULL,NULL,'00000000-0000-0000-0000-000000000000','2026-04-27 12:49:55'),('120533a3-2954-47a0-b571-434a207a8467','DO.202604.744809','OUT','2026-04-25','56267bb0-0d8c-449b-866e-c0a5f5048392',NULL,'895241ce-6388-4c18-b5cb-7d6b43cdab26',NULL,'SHIFT 1 SAHRUL',NULL,NULL,'00000000-0000-0000-0000-000000000000','2026-04-26 07:00:02'),('1625eb58-0c0d-4ea1-b6d9-4dbb6c038d10','DO.202604.793675','OUT','2026-04-28','56267bb0-0d8c-449b-866e-c0a5f5048392',NULL,'273b250c-fbfa-47b9-a79b-f9beade93746',NULL,'SHIFT 2 SAHRUL',NULL,NULL,'00000000-0000-0000-0000-000000000000','2026-04-29 02:47:44'),('168e2063-c295-4df8-ad68-21e12e563f11','DO.202604.325950','OUT','2026-04-25','56267bb0-0d8c-449b-866e-c0a5f5048392',NULL,'273b250c-fbfa-47b9-a79b-f9beade93746',NULL,'SHIFT 2 SAHRUL',NULL,NULL,'00000000-0000-0000-0000-000000000000','2026-04-26 04:06:19'),('173a7acf-6f13-44f1-a6d1-59d0d358710d','DO.202604.864668','OUT','2026-04-24','56267bb0-0d8c-449b-866e-c0a5f5048392',NULL,'895241ce-6388-4c18-b5cb-7d6b43cdab26',NULL,'SHIFT 1 SAHRUL','00000000-0000-0000-0000-000000000000',NULL,'00000000-0000-0000-0000-000000000000','2026-04-25 02:59:00'),('19c8180f-58ac-4632-a6e3-4dca81c037d7','DO.202604.901327','OUT','2026-04-23','56267bb0-0d8c-449b-866e-c0a5f5048392',NULL,'895241ce-6388-4c18-b5cb-7d6b43cdab26',NULL,'SHIFT 2 SAHRUL',NULL,NULL,'00000000-0000-0000-0000-000000000000','2026-04-24 03:06:31'),('1bd0d095-8b3e-4469-8933-b9145d6df630','DO.202605.375273','OUT','2026-05-01','56267bb0-0d8c-449b-866e-c0a5f5048392',NULL,'895241ce-6388-4c18-b5cb-7d6b43cdab26',NULL,'SHIFT 3 SAHRUL',NULL,NULL,'00000000-0000-0000-0000-000000000000','2026-05-02 02:54:48'),('1cb3ae1c-fbed-49e3-b2fc-e68f67bc6757','DO.202604.995487','OUT','2026-04-24','56267bb0-0d8c-449b-866e-c0a5f5048392',NULL,'895241ce-6388-4c18-b5cb-7d6b43cdab26',NULL,'SHIFT 3 SAHRUL',NULL,NULL,'00000000-0000-0000-0000-000000000000','2026-04-25 03:02:19'),('22fe593c-cce7-424c-80a3-acc22e73c993','DO.202604.643083','OUT','2026-04-25','56267bb0-0d8c-449b-866e-c0a5f5048392',NULL,'895241ce-6388-4c18-b5cb-7d6b43cdab26',NULL,'SHIFT 3 SAHRUL','00000000-0000-0000-0000-000000000000',NULL,'00000000-0000-0000-0000-000000000000','2026-04-26 06:59:08'),('2396ebb6-acb4-47d1-8970-113d1be96567','DO.202604.556135','OUT','2026-04-30','56267bb0-0d8c-449b-866e-c0a5f5048392',NULL,'895241ce-6388-4c18-b5cb-7d6b43cdab26',NULL,'SHIF 3 SAHRUL',NULL,NULL,'00000000-0000-0000-0000-000000000000','2026-04-30 15:57:58'),('23c856d1-8811-4228-a2bc-cf0e65faa604','DO.202605.277528','OUT','2026-05-03','56267bb0-0d8c-449b-866e-c0a5f5048392',NULL,'273b250c-fbfa-47b9-a79b-f9beade93746',NULL,'SHIFT 2 SAHRUL',NULL,NULL,'00000000-0000-0000-0000-000000000000','2026-05-04 03:29:00'),('2637540a-0dc7-4d14-8fee-47eaaef9ba0d','DO.202604.238970','OUT','2026-04-29','56267bb0-0d8c-449b-866e-c0a5f5048392',NULL,'273b250c-fbfa-47b9-a79b-f9beade93746',NULL,'SHIFT 3 SAHRUL',NULL,NULL,'00000000-0000-0000-0000-000000000000','2026-04-30 03:08:49'),('266b761f-f4c3-4525-be6e-4ccfa95a2d50','DO.202604.990147','OUT','2026-04-23','56267bb0-0d8c-449b-866e-c0a5f5048392',NULL,'895241ce-6388-4c18-b5cb-7d6b43cdab26',NULL,'SHIFT 3 SAHRUL',NULL,NULL,'00000000-0000-0000-0000-000000000000','2026-04-24 03:09:09'),('2a714f32-4f56-4395-87ea-b1eb1c9c7c56','DO.202604.171964','OUT','2026-04-24','56267bb0-0d8c-449b-866e-c0a5f5048392',NULL,'273b250c-fbfa-47b9-a79b-f9beade93746',NULL,'SHIFT 2 SAHRUL',NULL,NULL,'00000000-0000-0000-0000-000000000000','2026-04-25 03:04:35'),('2dcbac1a-dce6-4a8c-8bb2-39587129af0c','DO.202604.635967','OUT','2026-04-28','56267bb0-0d8c-449b-866e-c0a5f5048392',NULL,'273b250c-fbfa-47b9-a79b-f9beade93746',NULL,'SHIFT 2 SAHRUL',NULL,NULL,'00000000-0000-0000-0000-000000000000','2026-04-29 02:44:41'),('331abf91-fad1-4c1e-8828-6ef55ec63a36','DO.202604.918050','OUT','2026-04-27','56267bb0-0d8c-449b-866e-c0a5f5048392',NULL,'895241ce-6388-4c18-b5cb-7d6b43cdab26',NULL,'SHIFT 3 SAHRUL',NULL,NULL,'00000000-0000-0000-0000-000000000000','2026-04-27 12:47:24'),('3a9afa1e-7b4d-4b40-a8cc-80610f3dfec8','DO.202604.681317','OUT','2026-04-28','56267bb0-0d8c-449b-866e-c0a5f5048392',NULL,'895241ce-6388-4c18-b5cb-7d6b43cdab26',NULL,'SHIFT 3 SAHRUL',NULL,NULL,'00000000-0000-0000-0000-000000000000','2026-04-29 02:46:33'),('4954e42c-0f05-4314-b869-db6f2d12cf1f','DO.202604.139812','OUT','2026-04-26','56267bb0-0d8c-449b-866e-c0a5f5048392',NULL,'273b250c-fbfa-47b9-a79b-f9beade93746',NULL,'SHIFT 3 SAHRUL',NULL,NULL,'00000000-0000-0000-0000-000000000000','2026-04-26 04:05:27'),('4ba512d8-0fbf-413a-bd7e-1279c6360131','RI.202604.076502','IN','2026-04-27','56267bb0-0d8c-449b-866e-c0a5f5048392',NULL,'07691610-914b-4b26-b7cd-fa3cd7fd1622',NULL,'PO MINGGU',NULL,NULL,'00000000-0000-0000-0000-000000000000','2026-04-27 13:05:15'),('4e958e5a-5810-4ae9-b130-1a64a2bd882d','DO.202605.129295','OUT','2026-05-03','56267bb0-0d8c-449b-866e-c0a5f5048392',NULL,'895241ce-6388-4c18-b5cb-7d6b43cdab26',NULL,'SHIFT 3 SAHRUL',NULL,NULL,'00000000-0000-0000-0000-000000000000','2026-05-04 03:27:10'),('50e74399-9828-482a-b074-90637fb82fa0','DO.202604.865594','OUT','2026-04-26','56267bb0-0d8c-449b-866e-c0a5f5048392',NULL,'895241ce-6388-4c18-b5cb-7d6b43cdab26',NULL,'SHIFT 3 SAHRUL',NULL,NULL,'00000000-0000-0000-0000-000000000000','2026-04-26 12:03:07'),('586593e4-b7ea-4cf6-98f2-16af28099a91','DO.202605.962166','OUT','2026-05-02','56267bb0-0d8c-449b-866e-c0a5f5048392',NULL,'895241ce-6388-4c18-b5cb-7d6b43cdab26',NULL,'SHIFT 2 SAHRUL',NULL,NULL,'00000000-0000-0000-0000-000000000000','2026-05-03 02:56:40'),('5a0e2ebe-5cfc-4766-9f23-9a996a996b36','DO.202605.385191','OUT','2026-05-02','56267bb0-0d8c-449b-866e-c0a5f5048392',NULL,'273b250c-fbfa-47b9-a79b-f9beade93746',NULL,'SHIFT 2 SAHRUL',NULL,NULL,'00000000-0000-0000-0000-000000000000','2026-05-03 03:04:07'),('5c62a778-1851-40c8-826d-bf77fcbafac4','DO.202605.339426','OUT','2026-05-03','56267bb0-0d8c-449b-866e-c0a5f5048392',NULL,'273b250c-fbfa-47b9-a79b-f9beade93746',NULL,'SHIFT 3 SAHRUL',NULL,NULL,'00000000-0000-0000-0000-000000000000','2026-05-04 03:29:46'),('5cf349f0-44bc-4fc8-aad5-544eb3599788','DO.202604.456928','OUT','2026-04-26','56267bb0-0d8c-449b-866e-c0a5f5048392',NULL,'895241ce-6388-4c18-b5cb-7d6b43cdab26',NULL,'SHIFT 1 SHARUL',NULL,NULL,'00000000-0000-0000-0000-000000000000','2026-04-27 02:54:37'),('5fc469ea-6b94-4668-a9b8-4b187d048825','DO.202604.408026','OUT','2026-04-26','56267bb0-0d8c-449b-866e-c0a5f5048392',NULL,'895241ce-6388-4c18-b5cb-7d6b43cdab26',NULL,NULL,'00000000-0000-0000-0000-000000000000',NULL,'00000000-0000-0000-0000-000000000000','2026-04-26 12:26:55'),('60857ced-e873-4e18-b8ce-ecdd8e7fa1ba','DO.202605.445729','OUT','2026-05-02','56267bb0-0d8c-449b-866e-c0a5f5048392',NULL,'273b250c-fbfa-47b9-a79b-f9beade93746',NULL,'SHIFT 1 SAHRUL',NULL,NULL,'00000000-0000-0000-0000-000000000000','2026-05-03 03:04:39'),('648fd9fd-59ab-4934-be64-0afd86758624','DO.202605.998595','OUT','2026-05-02','56267bb0-0d8c-449b-866e-c0a5f5048392',NULL,'895241ce-6388-4c18-b5cb-7d6b43cdab26',NULL,'SHIFT 3 SAHRUL',NULL,NULL,'00000000-0000-0000-0000-000000000000','2026-05-03 03:00:56'),('6a02815a-0fc0-4fd5-9586-efd053bdd888','DO.202605.486858','OUT','2026-05-01','56267bb0-0d8c-449b-866e-c0a5f5048392',NULL,'895241ce-6388-4c18-b5cb-7d6b43cdab26',NULL,'SHIFT 2 SAHRUL',NULL,NULL,'00000000-0000-0000-0000-000000000000','2026-05-02 02:56:28'),('729f4bb8-0a89-458a-8763-147f68405c06','DO.202604.466591','OUT','2026-04-23','56267bb0-0d8c-449b-866e-c0a5f5048392',NULL,'895241ce-6388-4c18-b5cb-7d6b43cdab26',NULL,NULL,NULL,NULL,'00000000-0000-0000-0000-000000000000','2026-04-23 08:38:08'),('7960230d-8aed-40ec-8770-472de9ae8ba9','DO.202605.057958','OUT','2026-04-30','56267bb0-0d8c-449b-866e-c0a5f5048392',NULL,'895241ce-6388-4c18-b5cb-7d6b43cdab26',NULL,NULL,'00000000-0000-0000-0000-000000000000',NULL,'00000000-0000-0000-0000-000000000000','2026-05-01 02:56:43'),('79971f41-14bf-4e46-a50a-db2efa02153d','DO.202604.148162','OUT','2026-04-23','56267bb0-0d8c-449b-866e-c0a5f5048392',NULL,'273b250c-fbfa-47b9-a79b-f9beade93746',NULL,'SHIFT 2 SAHRUL',NULL,NULL,'00000000-0000-0000-0000-000000000000','2026-04-24 03:09:52'),('7a2d3b02-aa79-4e9d-bcd1-462eacdcda5f','DO.202604.820836','OUT','2026-04-27','56267bb0-0d8c-449b-866e-c0a5f5048392',NULL,'895241ce-6388-4c18-b5cb-7d6b43cdab26',NULL,'SHIFT 2 SAHRUL','00000000-0000-0000-0000-000000000000',NULL,'00000000-0000-0000-0000-000000000000','2026-04-27 12:44:52'),('7ded52dc-4147-4269-97b6-dbad384276ed','DO.202605.769284','OUT','2026-05-01','56267bb0-0d8c-449b-866e-c0a5f5048392',NULL,'273b250c-fbfa-47b9-a79b-f9beade93746',NULL,'SHIFT 1 SAHRUL',NULL,NULL,'00000000-0000-0000-0000-000000000000','2026-05-02 03:16:57'),('7ea9d3b6-6757-4a7a-850e-afcba1e497d0','RI.202604.157239','IN','2026-04-23','56267bb0-0d8c-449b-866e-c0a5f5048392',NULL,'2254773b-7fe8-4365-9273-70c86a752ddc',NULL,'campuran',NULL,NULL,'00000000-0000-0000-0000-000000000000','2026-04-23 08:33:17'),('7f48d63c-2293-4b32-a05b-7c4c1c4efe4c','DO.202604.986653','OUT','2026-04-26','56267bb0-0d8c-449b-866e-c0a5f5048392',NULL,'273b250c-fbfa-47b9-a79b-f9beade93746',NULL,'SHIFT 2 SAHRUL','00000000-0000-0000-0000-000000000000',NULL,'00000000-0000-0000-0000-000000000000','2026-04-26 12:04:35'),('80b5bc9b-16f6-43a1-8198-d0dc6cee0cdb','DO.202604.273138','OUT','2026-04-24','56267bb0-0d8c-449b-866e-c0a5f5048392',NULL,'273b250c-fbfa-47b9-a79b-f9beade93746',NULL,'SHIFT 1 SAHRUL',NULL,NULL,'00000000-0000-0000-0000-000000000000','2026-04-25 03:05:00'),('85f4d775-e46c-44c3-895a-4bd5472db69c','DO.202604.481209','OUT','2026-04-26','56267bb0-0d8c-449b-866e-c0a5f5048392',NULL,'895241ce-6388-4c18-b5cb-7d6b43cdab26',NULL,'TAMBAHAN',NULL,NULL,'00000000-0000-0000-0000-000000000000','2026-04-27 02:57:39'),('8d6aec2f-2b88-495a-91a4-fa157b9bc854','RI.202605.720343','OUT','2026-04-28','56267bb0-0d8c-449b-866e-c0a5f5048392',NULL,'895241ce-6388-4c18-b5cb-7d6b43cdab26',NULL,NULL,NULL,NULL,'00000000-0000-0000-0000-000000000000','2026-05-01 03:22:18'),('8fefff5f-2fbf-470a-9e00-480e1f5f32af','DO.202604.087680','OUT','2026-04-26','56267bb0-0d8c-449b-866e-c0a5f5048392',NULL,'273b250c-fbfa-47b9-a79b-f9beade93746',NULL,'SHIFT 3 SAHRUL',NULL,NULL,'00000000-0000-0000-0000-000000000000','2026-04-26 12:05:14'),('950d720a-0b82-456a-9ba8-69dd81c41a4c','DO.202605.416698','OUT','2026-05-04','56267bb0-0d8c-449b-866e-c0a5f5048392',NULL,'895241ce-6388-4c18-b5cb-7d6b43cdab26',NULL,'SHIFT 3 SAHRUL',NULL,NULL,'00000000-0000-0000-0000-000000000000','2026-05-04 12:57:48'),('95bf92e6-c490-4b03-a41d-5578161b4d68','DO.202605.255408','OUT','2026-05-02','56267bb0-0d8c-449b-866e-c0a5f5048392',NULL,'895241ce-6388-4c18-b5cb-7d6b43cdab26',NULL,'SHIFT 1 SAHRUL',NULL,NULL,'00000000-0000-0000-0000-000000000000','2026-05-03 03:01:17'),('95f4b107-fa9f-4534-b27a-c95b21e0e482','RI.202604.365935','IN','2026-04-23','56267bb0-0d8c-449b-866e-c0a5f5048392',NULL,'0aa9892c-c97c-4bcf-86ff-ea6b777c988e',NULL,'stok awal',NULL,NULL,'00000000-0000-0000-0000-000000000000','2026-04-23 08:36:32'),('9f1c0a31-09c8-4b1e-a0ab-4404c3fc8267','DO.202605.529042','OUT','2026-05-04','56267bb0-0d8c-449b-866e-c0a5f5048392',NULL,'273b250c-fbfa-47b9-a79b-f9beade93746',NULL,'SHIFT 3 SAHRUL',NULL,NULL,'00000000-0000-0000-0000-000000000000','2026-05-04 12:59:41'),('a377c9d0-c5e9-47ab-9d5b-96c0fc122113','DO.202604.938293','OUT','2026-04-24','56267bb0-0d8c-449b-866e-c0a5f5048392',NULL,'895241ce-6388-4c18-b5cb-7d6b43cdab26',NULL,'SHIFT 2 SAHRUL',NULL,NULL,'00000000-0000-0000-0000-000000000000','2026-04-25 02:59:57'),('a3c35098-c763-4d46-a865-4314c1dd5214','DO.202604.137618','OUT','2026-04-24','56267bb0-0d8c-449b-866e-c0a5f5048392',NULL,'273b250c-fbfa-47b9-a79b-f9beade93746',NULL,'SHIFT 3 SAHRUL',NULL,NULL,'00000000-0000-0000-0000-000000000000','2026-04-25 03:02:54'),('a64162ca-76fb-4790-bd60-f3b863229e0f','DO.202604.529285','OUT','2026-04-29','56267bb0-0d8c-449b-866e-c0a5f5048392',NULL,'273b250c-fbfa-47b9-a79b-f9beade93746',NULL,'SHIFT 2 SAHRUL',NULL,NULL,'00000000-0000-0000-0000-000000000000','2026-04-30 03:09:43'),('b2e632b3-3755-4a3c-b48a-0dd0168a1a4c','DO.202605.389928','IN','2026-05-01','56267bb0-0d8c-449b-866e-c0a5f5048392',NULL,'07691610-914b-4b26-b7cd-fa3cd7fd1622',NULL,NULL,NULL,NULL,'00000000-0000-0000-0000-000000000000','2026-05-04 03:30:10'),('b3102d82-f420-42e8-a9c7-8b4d19a6db0d','DO.202604.191539','OUT','2026-04-23','56267bb0-0d8c-449b-866e-c0a5f5048392',NULL,'273b250c-fbfa-47b9-a79b-f9beade93746',NULL,'SHIFT 3 SAHRUL',NULL,NULL,'00000000-0000-0000-0000-000000000000','2026-04-24 03:10:44'),('b883dad2-c3c2-424a-8ad3-ff250e50a673','DO.202604.615150','OUT','2026-04-28','56267bb0-0d8c-449b-866e-c0a5f5048392',NULL,'895241ce-6388-4c18-b5cb-7d6b43cdab26',NULL,'SHIFT 1 SAHRUL',NULL,NULL,'00000000-0000-0000-0000-000000000000','2026-04-29 02:43:55'),('b8fc1345-557b-4567-8501-48ef836bc747','DO.202604.217609','OUT','2026-04-29','56267bb0-0d8c-449b-866e-c0a5f5048392',NULL,'895241ce-6388-4c18-b5cb-7d6b43cdab26',NULL,'SHIFT 2 SAHRUL',NULL,NULL,'00000000-0000-0000-0000-000000000000','2026-04-30 03:03:58'),('bb48bffb-e74e-422e-bdbb-fd08468f614b','DO.202605.275906','OUT','2026-05-02','56267bb0-0d8c-449b-866e-c0a5f5048392',NULL,'273b250c-fbfa-47b9-a79b-f9beade93746',NULL,NULL,NULL,NULL,'00000000-0000-0000-0000-000000000000','2026-05-03 03:03:06'),('c72a3fff-0461-4b1b-8399-5b103b6853c6','DO.202604.192399','OUT','2026-04-27','56267bb0-0d8c-449b-866e-c0a5f5048392',NULL,'273b250c-fbfa-47b9-a79b-f9beade93746',NULL,'SHIFT 3 SAHRUL','00000000-0000-0000-0000-000000000000',NULL,'00000000-0000-0000-0000-000000000000','2026-04-27 12:50:43'),('c78fb47f-ed67-45f3-a9b5-041ecdb1c222','DO.202605.814880','OUT','2026-05-01','56267bb0-0d8c-449b-866e-c0a5f5048392',NULL,'273b250c-fbfa-47b9-a79b-f9beade93746',NULL,'SHIFT 2 SAHRUL',NULL,NULL,'00000000-0000-0000-0000-000000000000','2026-05-02 03:18:01'),('cb923dd0-72fe-4c96-864c-bb70791a0e5e','DO.202604.720467','OUT','2026-04-30','56267bb0-0d8c-449b-866e-c0a5f5048392',NULL,'273b250c-fbfa-47b9-a79b-f9beade93746',NULL,NULL,NULL,NULL,'00000000-0000-0000-0000-000000000000','2026-04-30 15:59:31'),('cf1db2a9-88cb-4910-9493-a1976f61b395','DO.202604.671691','OUT','2026-04-24','56267bb0-0d8c-449b-866e-c0a5f5048392',NULL,'895241ce-6388-4c18-b5cb-7d6b43cdab26',NULL,'TAMBAHAN',NULL,NULL,'00000000-0000-0000-0000-000000000000','2026-04-25 03:28:21'),('d2ecc2a0-352c-487e-a311-a65ffb1a6da7','DO.202604.864508','OUT','2026-04-28','56267bb0-0d8c-449b-866e-c0a5f5048392',NULL,'273b250c-fbfa-47b9-a79b-f9beade93746',NULL,'SHIFT 3 SAHRUL',NULL,NULL,'00000000-0000-0000-0000-000000000000','2026-04-29 02:48:19'),('d32306dd-a253-4941-ad8e-6220d1531ed8','DO.202605.466210','OUT','2026-05-04','56267bb0-0d8c-449b-866e-c0a5f5048392',NULL,'273b250c-fbfa-47b9-a79b-f9beade93746',NULL,'SHIFT 2 SAHRUL',NULL,NULL,'00000000-0000-0000-0000-000000000000','2026-05-04 12:58:48'),('ddf60609-6502-4818-9f0d-8741227d0aa0','DO.202604.994721','OUT','2026-04-29','56267bb0-0d8c-449b-866e-c0a5f5048392',NULL,'895241ce-6388-4c18-b5cb-7d6b43cdab26',NULL,'SHIFT 3 SAHRUL',NULL,NULL,'00000000-0000-0000-0000-000000000000','2026-04-30 03:03:37'),('e824142f-2d20-4924-94b1-58915f70554a','DO.202605.752723','OUT','2026-04-30','56267bb0-0d8c-449b-866e-c0a5f5048392',NULL,'273b250c-fbfa-47b9-a79b-f9beade93746',NULL,NULL,'00000000-0000-0000-0000-000000000000',NULL,'00000000-0000-0000-0000-000000000000','2026-05-01 03:06:35'),('e939b174-4896-411b-b032-96197ae750d0','DO.202605.229541','OUT','2026-05-03','56267bb0-0d8c-449b-866e-c0a5f5048392',NULL,'895241ce-6388-4c18-b5cb-7d6b43cdab26',NULL,'SHIFT 2 SAHRUL',NULL,NULL,'00000000-0000-0000-0000-000000000000','2026-05-04 03:27:58'),('f39d16c3-6d6d-4813-b745-716a63fbc15d','RI.202604.522296','IN','2026-04-24','56267bb0-0d8c-449b-866e-c0a5f5048392',NULL,'07691610-914b-4b26-b7cd-fa3cd7fd1622',NULL,'ARILOKA',NULL,NULL,'00000000-0000-0000-0000-000000000000','2026-04-25 03:26:32');
/*!40000 ALTER TABLE `transactions` ENABLE KEYS */;
UNLOCK TABLES;

--
-- Table structure for table `users`
--

DROP TABLE IF EXISTS `users`;
/*!40101 SET @saved_cs_client     = @@character_set_client */;
/*!50503 SET character_set_client = utf8mb4 */;
CREATE TABLE `users` (
  `id` char(36) NOT NULL,
  `username` varchar(50) NOT NULL,
  `password_hash` varchar(255) NOT NULL,
  `full_name` varchar(100) NOT NULL,
  `role` varchar(20) DEFAULT 'STAFF',
  `status` enum('ACTIVE','INACTIVE') DEFAULT 'ACTIVE',
  `created_at` timestamp NULL DEFAULT CURRENT_TIMESTAMP,
  PRIMARY KEY (`id`),
  UNIQUE KEY `username` (`username`)
) ENGINE=InnoDB DEFAULT CHARSET=utf8mb4 COLLATE=utf8mb4_0900_ai_ci;
/*!40101 SET character_set_client = @saved_cs_client */;

--
-- Dumping data for table `users`
--

LOCK TABLES `users` WRITE;
/*!40000 ALTER TABLE `users` DISABLE KEYS */;
/*!40000 ALTER TABLE `users` ENABLE KEYS */;
UNLOCK TABLES;

--
-- Table structure for table `warehouses`
--

DROP TABLE IF EXISTS `warehouses`;
/*!40101 SET @saved_cs_client     = @@character_set_client */;
/*!50503 SET character_set_client = utf8mb4 */;
CREATE TABLE `warehouses` (
  `id` char(36) NOT NULL,
  `name` varchar(100) NOT NULL,
  `location` text,
  `pic` varchar(100) DEFAULT NULL,
  `phone` varchar(20) DEFAULT NULL,
  `is_active` tinyint(1) DEFAULT '1',
  PRIMARY KEY (`id`)
) ENGINE=InnoDB DEFAULT CHARSET=utf8mb4 COLLATE=utf8mb4_0900_ai_ci;
/*!40101 SET character_set_client = @saved_cs_client */;

--
-- Dumping data for table `warehouses`
--

LOCK TABLES `warehouses` WRITE;
/*!40000 ALTER TABLE `warehouses` DISABLE KEYS */;
INSERT INTO `warehouses` VALUES ('56267bb0-0d8c-449b-866e-c0a5f5048392','KKL - STOREMAN','SEMARANG',NULL,NULL,1);
/*!40000 ALTER TABLE `warehouses` ENABLE KEYS */;
UNLOCK TABLES;
/*!40103 SET TIME_ZONE=@OLD_TIME_ZONE */;

/*!40101 SET SQL_MODE=@OLD_SQL_MODE */;
/*!40014 SET FOREIGN_KEY_CHECKS=@OLD_FOREIGN_KEY_CHECKS */;
/*!40014 SET UNIQUE_CHECKS=@OLD_UNIQUE_CHECKS */;
/*!40101 SET CHARACTER_SET_CLIENT=@OLD_CHARACTER_SET_CLIENT */;
/*!40101 SET CHARACTER_SET_RESULTS=@OLD_CHARACTER_SET_RESULTS */;
/*!40101 SET COLLATION_CONNECTION=@OLD_COLLATION_CONNECTION */;
/*!40111 SET SQL_NOTES=@OLD_SQL_NOTES */;

-- Dump completed on 2026-05-04 18:32:03
